1,1,Fernando Mendoza,Indiana,QB,2026-03-05,,,Indiana,Big Ten,35
2,2,Arvell Reese,Ohio State,LB,2026-03-05,,,Ohio,Big Ten,35
3,3,David Bailey,Texas Tech,EDGE,2026-03-05,,,Texas,Big 12,35
4,4,Rueben Bain,Miami (FL),EDGE,2026-03-05,,,Florida,ACC,35
5,5,Francis Mauigoa,Miami (FL),OT,2026-03-05,,,Florida,ACC,35
6,6,Caleb Downs,Ohio State,S,2026-03-05,,,Ohio,Big Ten,35
7,7,Carnell Tate,Ohio State,WR,2026-03-05,,,Ohio,Big Ten,35
8,8,Jeremiyah Love,Notre Dame,RB,2026-03-05,,,Indiana,FBS - Independent,35
9,9,Spencer Fano,Utah,OT,2026-03-05,,,Utah,Big 12,35
10,10,Sonny Styles,Ohio State,LB,2026-03-05,,,Ohio,Big Ten,35
11,11,Mansoor Delane,LSU,CB,2026-03-05,,,Louisiana,SEC,30
12,12,Makai Lemon,USC,WR,2026-03-05,,,California,Big Ten,30
13,13,Jordyn Tyson,Arizona State,WR,2026-03-05,,,Arizona,Big 12,30
14,14,Jermod McCoy,Tennessee,CB,2026-03-05,,,Tennessee,SEC,30
15,15,Monroe Freeling,Georgia,OT,2026-03-05,,,Georgia,SEC,30
16,16,Olaivavega Ioane,Penn State,IOL,2026-03-05,,,Pennsylvania,Big Ten,30
17,17,Keldric Faulk,Auburn,EDGE,2026-03-05,,,Alabama,SEC,30
18,18,Kenyon Sadiq,Oregon,TE,2026-03-05,,,Oregon,Big Ten,30
19,19,Peter Woods,Clemson,DL,2026-03-05,,,South Carolina,ACC,30
20,20,Avieon Terrell,Clemson,CB,2026-03-05,,,South Carolina,ACC,30
21,21,Denzel Boston,Washington,WR,2026-03-05,,,Washington,Big Ten,30
22,22,Akheem Mesidor,Miami (FL),EDGE,2026-03-05,,,Florida,ACC,30
23,23,Kadyn Proctor,Alabama,OT,2026-03-05,,,Alabama,SEC,30
24,24,Caleb Banks,Florida,DL,2026-03-05,,,Florida,SEC,30
25,25,Cashius Howell,Texas A&M,EDGE,2026-03-05,,,Texas,SEC,30
26,26,C.J. Allen,Georgia,LB,2026-03-05,,,Georgia,SEC,25
27,27,Caleb Lomu,Utah,OT,2026-03-05,,,Utah,Big 12,25
28,28,Dillon Thieneman,Oregon,S,2026-03-05,,,Oregon,Big Ten,25
29,29,Kevin Concepcion,Texas A&M,WR,2026-03-05,,,Texas,SEC,25
30,30,T.J. Parker,Clemson,EDGE,2026-03-05,,,South Carolina,ACC,25
31,31,Emmanuel McNeil-Warren,Toledo,S,2026-03-05,,,Ohio,FBS - MAC,25
32,32,Ty Simpson,Alabama,QB,2026-03-05,,,Alabama,SEC,25
33,33,Kayden McDonald,Ohio State,DL,2026-03-05,,,Ohio,Big Ten,25
34,34,Colton Hood,Tennessee,CB,2026-03-05,,,Tennessee,SEC,25
35,35,Omar Cooper Jr.,Indiana,WR,2026-03-05,,,Indiana,Big Ten,25
36,36,Brandon Cisse,South Carolina,CB,2026-03-05,,,South Carolina,SEC,20
37,37,Blake Miller,Clemson,OT,2026-03-05,,,South Carolina,ACC,20
38,38,Zion Young,Missouri,EDGE,2026-03-05,,,Missouri,SEC,20
39,39,Lee Hunter,Texas Tech,DL,2026-03-05,,,Texas,Big 12,20
40,40,Max Iheanachor,Arizona State,OT,2026-03-05,,,Arizona,Big 12,20
41,41,Emmanuel Pregnon,Oregon,IOL,2026-03-05,,,Oregon,Big Ten,20
42,42,R Mason Thomas,Oklahoma,EDGE,2026-03-05,,,Oklahoma,SEC,20
43,43,Chris Johnson,San Diego State,CB,2026-03-05,,,California,FBS - Mountain West,20
44,44,Anthony Hill Jr.,Texas,LB,2026-03-05,,,Texas,SEC,20
45,45,Christen Miller,Georgia,DL,2026-03-05,,,Georgia,SEC,20
46,46,Chase Bisontis,Texas A&M,IOL,2026-03-05,,,Texas,SEC,20
47,47,Chris Brazzell,Tennessee,WR,2026-03-05,,,Tennessee,SEC,20
48,48,Chris Bell,Louisville,WR,2026-03-05,,,Kentucky,ACC,20
49,49,Zachariah Branch,Georgia,WR,2026-03-05,,,Georgia,SEC,20
50,50,Malachi Fields,Notre Dame,WR,2026-03-05,,,Indiana,FBS - Independent,20
51,51,Eli Stowers,Vanderbilt,TE,2026-03-05,,,Tennessee,SEC,20
52,52,Jadarian Price,Notre Dame,RB,2026-03-05,,,Indiana,FBS - Independent,20
53,53,D'angelo Ponds,Indiana,CB,2026-03-05,,,Indiana,Big Ten,20
54,54,Jacob Rodriguez,Texas Tech,LB,2026-03-05,,,Texas,Big 12,20
55,55,Gennings Dunker,Iowa,OT,2026-03-05,,,Iowa,Big Ten,20
56,56,Jake Golday,Cincinnati,LB,2026-03-05,,,Ohio,Big 12,20
57,57,Keith Abney II,Arizona State,CB,2026-03-05,,,Arizona,Big 12,20
58,58,Gabe Jacas,Illinois,EDGE,2026-03-05,,,Illinois,Big Ten,20
59,59,A.J. Haulcy,LSU,S,2026-03-05,,,Louisiana,SEC,20
60,60,Germie Bernard,Alabama,WR,2026-03-05,,,Alabama,SEC,15
61,61,Keionte Scott,Miami (FL),CB,2026-03-05,,,Florida,ACC,15
62,62,Elijah Sarratt,Indiana,WR,2026-03-05,,,Indiana,Big Ten,15
63,63,Connor Lew,Auburn,IOL,2026-03-05,,,Alabama,SEC,15
64,64,Malachi Lawrence,UCF,EDGE,2026-03-05,,,Florida,Big 12,15
65,65,Caleb Tiernan,Northwestern,OT,2026-03-05,,,Illinois,Big Ten,15
66,66,Derrick Moore,Michigan,EDGE,2026-03-05,,,Michigan,Big Ten,15
67,67,Josiah Trotter,Missouri,LB,2026-03-05,,,Missouri,SEC,15
68,68,L.T. Overton,Alabama,EDGE,2026-03-05,,,Alabama,SEC,15
69,69,Dani Dennis-Sutton,Penn State,EDGE,2026-03-05,,,Pennsylvania,Big Ten,15
70,70,Antonio Williams,Clemson,WR,2026-03-05,,,South Carolina,ACC,15
71,71,Kamari Ramsey,USC,S,2026-03-05,,,California,Big Ten,10
72,72,Davison Igbinosun,Ohio State,CB,2026-03-05,,,Ohio,Big Ten,10
73,73,Max Klare,Ohio State,TE,2026-03-05,,,Ohio,Big Ten,10
74,74,Romello Height,Texas Tech,EDGE,2026-03-05,,,Texas,Big 12,10
75,75,Zakee Wheatley,Penn State,S,2026-03-05,,,Pennsylvania,Big Ten,10
76,76,Keylan Rutledge,Georgia Tech,IOL,2026-03-05,,,Georgia,ACC,10
77,77,Gracen Halton,Oklahoma,DL,2026-03-05,,,Oklahoma,SEC,10
78,78,Emmett Johnson,Nebraska,RB,2026-03-05,,,Nebraska,Big Ten,10
79,79,Kyle Louis,Pitt,LB,2026-03-05,,,Pennsylvania,ACC,10
80,80,Jake Slaughter,Florida,IOL,2026-03-05,,,Florida,SEC,10
81,81,Darrell Jackson Jr.,Florida State,DL,2026-03-05,,,Florida,ACC,10
82,82,Skyler Bell,UConn,WR,2026-03-05,,,Connecticut,FBS - AAC,10
83,83,Mike Washington Jr.,Arkansas,RB,2026-03-05,,,Arkansas,SEC,10
84,84,Drew Allar,Penn State,QB,2026-03-05,,,Pennsylvania,Big Ten,10
85,85,Garrett Nussmeier,LSU,QB,2026-03-05,,,Louisiana,SEC,10
86,86,Genesis Smith,Arizona,S,2026-03-05,,,Arizona,Big 12,10
87,87,Sam Hecht,Kansas State,IOL,2026-03-05,,,Kansas,Big 12,10
88,88,Domonique Orange,Iowa State,DL,2026-03-05,,,Iowa,Big 12,10
89,89,Joshua Josephs,Tennessee,EDGE,2026-03-05,,,Tennessee,SEC,10
90,90,Julian Neal,Arkansas,CB,2026-03-05,,,Arkansas,SEC,10
91,91,Devin Moore,Florida,CB,2026-03-05,,,Florida,SEC,10
92,92,Brian Parker II,Duke,OT,2026-03-05,,,North Carolina,ACC,10
93,93,Jalon Kilgore,South Carolina,S,2026-03-05,,,South Carolina,SEC,10
94,94,Treydan Stukes,Arizona,CB,2026-03-05,,,Arizona,Big 12,10
95,95,Nick Singleton,Penn State,RB,2026-03-05,,,Pennsylvania,Big Ten,10
96,96,Logan Jones,Iowa,IOL,2026-03-05,,,Iowa,Big Ten,10
97,97,Jonah Coleman,Washington,RB,2026-03-05,,,Washington,Big Ten,10
98,98,Malik Muhammad,Texas,CB,2026-03-05,,,Texas,SEC,10
99,99,Ted Hurst,Georgia State,WR,2026-03-05,,,Georgia,FBS - Sun Belt,10
100,100,Ja'Kobi Lane,USC,WR,2026-03-05,,,California,Big Ten,10
101,101,Isaiah World,Oregon,OT,2026-03-05,,,Oregon,Big Ten,8
102,102,Tacario Davis,Washington,CB,2026-03-05,,,Washington,Big Ten,8
103,103,Justin Joly,NC State,TE,2026-03-05,,,North Carolina,ACC,8
104,104,Dametrious Crownover,Texas A&M,OT,2026-03-05,,,Texas,SEC,8
105,105,Michael Trigg,Baylor,TE,2026-03-05,,,Texas,Big 12,8
106,106,Deontae Lawson,Alabama,LB,2026-03-05,,,Alabama,SEC,8
107,107,Daylen Everette,Georgia,CB,2026-03-05,,,Georgia,SEC,8
108,108,Chandler Rivers,Duke,CB,2026-03-05,,,North Carolina,ACC,8
109,109,Will Lee III,Texas A&M,CB,2026-03-05,,,Texas,SEC,8
110,110,Michael Taaffe,Texas,S,2026-03-05,,,Texas,SEC,8
111,111,Brenen Thompson,Mississippi State,WR,2026-03-05,,,Mississippi,SEC,8
112,112,Deion Burks,Oklahoma,WR,2026-03-05,,,Oklahoma,SEC,8
113,113,Dontay Corleone,Cincinnati,DL,2026-03-05,,,Ohio,Big 12,8
114,114,Billy Schrauth,Notre Dame,IOL,2026-03-05,,,Indiana,FBS - Independent,8
115,115,Bud Clark,TCU,S,2026-03-05,,,Texas,Big 12,8
116,116,Tim Keenan III,Alabama,DL,2026-03-05,,,Alabama,SEC,8
117,117,Austin Barber,Florida,OT,2026-03-05,,,Florida,SEC,8
118,118,Bryce Lance,North Dakota State,WR,2026-03-05,,,North Dakota,FCS,8
119,119,Sam Roush,Stanford,TE,2026-03-05,,,California,ACC,8
120,120,Kaleb Proctor,Southeastern Louisiana,DL,2026-03-05,,,Louisiana,FCS,8
121,121,Carson Beck,Miami (FL),QB,2026-03-05,,,Florida,ACC,7
122,122,Kevin Coleman Jr.,Missouri,WR,2026-03-05,,,Missouri,SEC,7
123,123,Anthony Lucas,USC,EDGE,2026-03-05,,,California,Big Ten,7
124,124,Taylen Green,Arkansas,QB,2026-03-05,,,Arkansas,SEC,7
125,125,Beau Stephens,Iowa,IOL,2026-03-05,,,Iowa,Big Ten,7
126,126,Drew Shelton,Penn State,OT,2026-03-05,,,Pennsylvania,Big Ten,7
127,127,Harold Perkins,LSU,LB,2026-03-05,,,Louisiana,SEC,7
128,128,Chris McClellan,Missouri,DL,2026-03-05,,,Missouri,SEC,7
129,129,J.C. Davis,Illinois,OT,2026-03-05,,,Illinois,Big Ten,7
130,130,Jack Endries,Texas,TE,2026-03-05,,,Texas,SEC,7
131,131,Kaytron Allen,Penn State,RB,2026-03-05,,,Pennsylvania,Big Ten,7
132,132,Oscar Delp,Georgia,TE,2026-03-05,,,Georgia,SEC,7
133,133,Parker Brailsford,Alabama,IOL,2026-03-05,,,Alabama,SEC,7
134,134,Trey Zuhn III,Texas A&M,OT,2026-03-05,,,Texas,SEC,7
135,135,Pat Coogan,Indiana,IOL,2026-03-05,,,Indiana,Big Ten,7
136,136,Kage Casey,Boise State,OT,2026-03-05,,,Idaho,FBS - Mountain West,7
137,137,Aamil Wagner,Notre Dame,OT,2026-03-05,,,Indiana,FBS - Independent,7
138,138,Rayshaun Benny,Michigan,DL,2026-03-05,,,Michigan,Big Ten,7
139,139,Taurean York,Texas A&M,LB,2026-03-05,,,Texas,SEC,7
140,140,Jaishawn Barham,Michigan,LB,2026-03-05,,,Michigan,Big Ten,7
141,141,Jalen Farmer,Kentucky,IOL,2026-03-05,,,Kentucky,SEC,7
142,142,Zane Durant,Penn State,DL,2026-03-05,,,Pennsylvania,Big Ten,7
143,143,Keyron Crawford,Auburn,EDGE,2026-03-05,,,Alabama,SEC,7
144,144,Ar'maj Reed-Adams,Texas A&M,IOL,2026-03-05,,,Texas,SEC,7
145,145,Aiden Fisher,Indiana,LB,2026-03-05,,,Indiana,Big Ten,7
146,146,Jude Bowry,Boston College,OT,2026-03-05,,,Massachusetts,ACC,7
147,147,C.J. Daniels,Miami (FL),WR,2026-03-05,,,Florida,ACC,7
148,148,Demond Claiborne,Wake Forest,RB,2026-03-05,,,North Carolina,ACC,7
149,149,Sawyer Robertson,Baylor,QB,2026-03-05,,,Texas,Big 12,7
150,150,Bryce Boettcher,Oregon,LB,2026-03-05,,,Oregon,Big Ten,7
151,151,Joe Royer,Cincinnati,TE,2026-03-05,,,Ohio,Big 12,6
152,152,Hezekiah Masses,California,CB,2026-03-05,,,California,ACC,6
153,153,Cole Payton,North Dakota State,QB,2026-03-05,,,North Dakota,FCS,6
154,154,Reggie Virgil,Texas Tech,WR,2026-03-05,,,Texas,Big 12,6
155,155,Zxavian Harris,Ole Miss,DL,2026-03-05,,,Mississippi,SEC,6
156,156,Eli Raridon,Notre Dame,TE,2026-03-05,,,Indiana,FBS - Independent,6
157,157,Nadame Tucker,Western Michigan,EDGE,2026-03-05,,,Michigan,FBS - MAC,6
158,158,Caden Curry,Ohio State,EDGE,2026-03-05,,,Ohio,Big Ten,6
159,159,Louis Moore,Indiana,S,2026-03-05,,,Indiana,Big Ten,6
160,160,Josh Cameron,Baylor,WR,2026-03-05,,,Texas,Big 12,6
161,161,Skyler Gill-Howard,Texas Tech,DL,2026-03-05,,,Texas,Big 12,6
162,162,Vincent Anthony Jr.,Duke,EDGE,2026-03-05,,,North Carolina,ACC,6
163,163,Nate Boerkircher,Texas A&M,TE,2026-03-05,,,Texas,SEC,6
164,164,DeMonte Capehart,Clemson,DL,2026-03-05,,,South Carolina,ACC,6
165,165,Bishop Fitzgerald,USC,S,2026-03-05,,,California,Big Ten,6
166,166,Kaelon Black,Indiana,RB,2026-03-05,,,Indiana,Big Ten,6
167,167,Ephesians Prysock,Washington,CB,2026-03-05,,,Washington,Big Ten,6
168,168,Seth McGowan,Kentucky,RB,2026-03-05,,,Kentucky,SEC,6
169,169,Eli Heidenreich,Navy,WR,2026-03-05,,,Maryland,FBS - AAC,6
170,170,Trey Moore,Texas,EDGE,2026-03-05,,,Texas,SEC,6
171,171,Mikail Kamara,Indiana,EDGE,2026-03-05,,,Indiana,Big Ten,6
172,172,Lander Barton,Utah,LB,2026-03-05,,,Utah,Big 12,6
173,173,Tyreak Sapp,Florida,EDGE,2026-03-05,,,Florida,SEC,6
174,174,Bryson Eason,Tennessee,DL,2026-03-05,,,Tennessee,SEC,6
175,175,Jaeden Roberts,Alabama,IOL,2026-03-05,,,Alabama,SEC,6
176,176,Max Llewellyn,Iowa,EDGE,2026-03-05,,,Iowa,Big Ten,6
177,177,Thaddeus Dixon,North Carolina,CB,2026-03-05,,,North Carolina,ACC,6
178,178,Jager Burton,Kentucky,IOL,2026-03-05,,,Kentucky,SEC,6
179,179,D.J. Campbell,Texas,IOL,2026-03-05,,,Texas,SEC,6
180,180,Dae'Quan Wright,Ole Miss,TE,2026-03-05,,,Mississippi,SEC,6
181,181,Eric McAlister,TCU,WR,2026-03-05,,,Texas,Big 12,5
182,182,De'Zhaun Stribling,Ole Miss,WR,2026-03-05,,,Mississippi,SEC,5
183,183,Dallen Bentley,Utah,TE,2026-03-05,,,Utah,Big 12,5
184,184,Tyren Montgomery,John Carroll,WR,2026-03-05,,,Ohio,D3,5
185,185,Charles Demmings,Stephen F. Austin,CB,2026-03-05,,,Texas,FCS,5
186,186,TJ Hall,Iowa,CB,2026-03-05,,,Iowa,Big Ten,5
187,187,Albert Regis,Texas A&M,DL,2026-03-05,,,Texas,SEC,5
188,188,Eric Gentry,USC,LB,2026-03-05,,,California,Big Ten,5
189,189,Fa'alili Fa'amoe,Wake Forest,OT,2026-03-05,,,North Carolina,ACC,5
190,190,Fernando Carmona,Arkansas,IOL,2026-03-05,,,Arkansas,SEC,5
191,191,Matt Gulbin,Michigan State,IOL,2026-03-05,,,Michigan,Big Ten,5
192,192,Patrick Payton,LSU,EDGE,2026-03-05,,,Louisiana,SEC,5
193,193,Josh Cuevas,Alabama,TE,2026-03-05,,,Alabama,SEC,5
194,194,Robert Henry Jr.,UTSA,RB,2026-03-05,,,Texas,FBS - AAC,5
195,195,Alex Harkey,Oregon,OT,2026-03-05,,,Oregon,Big Ten,5
196,196,Le'Veon Moss,Texas A&M,RB,2026-03-05,,,Texas,SEC,5
197,197,Andre Fuller,Toledo,CB,2026-03-05,,,Ohio,FBS - MAC,5
198,198,Devon Marshall,NC State,CB,2026-03-05,,,North Carolina,ACC,5
199,199,Diego Pounds,Ole Miss,OT,2026-03-05,,,Mississippi,SEC,5
200,200,Riley Nowakowski,Indiana,TE,2026-03-05,,,Indiana,Big Ten,5
201,201,Red Murdock,Buffalo,LB,2026-03-05,,,New York,FBS - MAC,5
202,202,Jadon Canady,Oregon,CB,2026-03-05,,,Oregon,Big Ten,5
203,203,Cyrus Allen,Cincinnati,WR,2026-03-05,,,Ohio,Big 12,5
204,204,Nick Barrett,South Carolina,DL,2026-03-05,,,South Carolina,SEC,5
205,205,Cole Wisniewski,Texas Tech,S,2026-03-05,,,Texas,Big 12,5
206,206,Jeremiah Wright,Auburn,IOL,2026-03-05,,,Alabama,SEC,5
207,207,Cade Klubnik,Clemson,QB,2026-03-05,,,South Carolina,ACC,5
208,208,J'Mari Taylor,Virginia,RB,2026-03-05,,,Virginia,ACC,5
209,209,Jakobe Thomas,Miami (FL),S,2026-03-05,,,Florida,ACC,5
210,210,Markel Bell,Miami (FL),OT,2026-03-05,,,Florida,ACC,5
211,211,Miles Kitselman,Tennessee,TE,2026-03-05,,,Tennessee,SEC,5
212,212,Owen Heinecke,Oklahoma,LB,2026-03-05,,,Oklahoma,SEC,5
213,213,Eric Rivers,Georgia Tech,WR,2026-03-05,,,Georgia,ACC,5
214,214,Kaleb Elarms-Orr,TCU,LB,2026-03-05,,,Texas,Big 12,5
215,215,Adam Randall,Clemson,RB,2026-03-05,,,South Carolina,ACC,5
216,216,Keagen Trost,Missouri,IOL,2026-03-05,,,Missouri,SEC,5
217,217,Tanner Koziol,Houston,TE,2026-03-05,,,Texas,Big 12,5
218,218,Domani Jackson,Alabama,CB,2026-03-05,,,Alabama,SEC,5
219,219,VJ Payne,Kansas State,S,2026-03-05,,,Kansas,Big 12,5
220,220,Marlin Klein,Michigan,TE,2026-03-05,,,Michigan,Big Ten,5
221,221,Jalon Daniels,Kansas,QB,2026-03-05,,,Kansas,Big 12,5
222,222,Diego Pavia,Vanderbilt,QB,2026-03-05,,,Tennessee,SEC,5
223,223,Barion Brown,LSU,WR,2026-03-05,,,Louisiana,SEC,5
224,224,Desmond Reid,Pitt,RB,2026-03-05,,,Pennsylvania,ACC,5
225,225,Max Bredeson,Michigan,RB,2026-03-05,,,Michigan,Big Ten,5
226,226,Nolan Rucci,Penn State,OT,2026-03-05,,,Pennsylvania,Big Ten,5
227,227,John Michael Gyllenborg,Wyoming,TE,2026-03-05,,,Wyoming,FBS - Mountain West,5
228,228,Jalen Stroman,Notre Dame,S,2026-03-05,,,Indiana,FBS - Independent,5
229,229,Luke Altmyer,Illinois,QB,2026-03-05,,,Illinois,Big Ten,5
230,230,Roman Hemby,Indiana,RB,2026-03-05,,,Indiana,Big Ten,5
231,231,Lorenzo Styles Jr.,Ohio State,CB,2026-03-05,,,Ohio,Big Ten,5
232,232,Robert Spears-Jennings,Oklahoma,S,2026-03-05,,,Oklahoma,SEC,5
233,233,Ethan Burke,Texas,EDGE,2026-03-05,,,Texas,SEC,5
234,234,Aaron Anderson,LSU,WR,2026-03-05,,,Louisiana,SEC,5
235,235,Xavier Nwankpa,Iowa,S,2026-03-05,,,Iowa,Big Ten,5
236,236,Devonta Smith,Notre Dame,CB,2026-03-05,,,Indiana,FBS - Independent,5
237,237,Quintayvious Hutchins,Boston College,EDGE,2026-03-05,,,Massachusetts,ACC,5
238,238,Mason Reiger,Wisconsin,EDGE,2026-03-05,,,Wisconsin,Big Ten,5
239,239,David Gusta,Kentucky,DL,2026-03-05,,,Kentucky,SEC,5
240,240,Caleb Douglas,Texas Tech,WR,2026-03-05,,,Texas,Big 12,5
241,241,Jeadyn Lukus,Clemson,CB,2026-03-05,,,South Carolina,ACC,5
242,242,Deven Eastern,Minnesota,DL,2026-03-05,,,Minnesota,Big Ten,5
243,243,Carver Willis,Washington,OT,2026-03-05,,,Washington,Big Ten,5
244,244,Colbie Young,Georgia,WR,2026-03-05,,,Georgia,SEC,5
245,245,Chase Roberts,BYU,WR,2026-03-05,,,Utah,Big 12,5
246,246,Tristan Leigh,Clemson,OT,2026-03-05,,,South Carolina,ACC,5
247,247,Kaden Wetjen,Iowa,WR,2026-03-05,,,Iowa,Big Ten,5
248,248,Vinny Anthony II,Wisconsin,WR,2026-03-05,,,Wisconsin,Big Ten,5
249,249,Joshua Braun,Kentucky,IOL,2026-03-05,,,Kentucky,SEC,5
250,250,Xavian Sorey Jr.,Arkansas,LB,2026-03-05,,,Arkansas,SEC,5
251,251,Matthew Hibner,SMU,TE,2026-03-05,,,Texas,ACC,2
252,252,Anez Cooper,Miami (FL),IOL,2026-03-05,,,Florida,ACC,2
253,253,Keyshaun Elliott,Arizona State,LB,2026-03-05,,,Arizona,Big 12,2
254,254,Lake McRee,USC,TE,2026-03-05,,,California,Big Ten,2
255,255,Lewis Bond,Boston College,WR,2026-03-05,,,Massachusetts,ACC,2
256,256,Cameron Ball,Arkansas,DL,2026-03-05,,,Arkansas,SEC,2
257,257,TJ Guy,Michigan,EDGE,2026-03-05,,,Michigan,Big Ten,2
258,258,Jack Kelly,BYU,LB,2026-03-05,,,Utah,Big 12,2
259,259,Hank Beatty,Illinois,WR,2026-03-05,,,Illinois,Big Ten,2
260,260,Jordan Hudson,SMU,WR,2026-03-05,,,Texas,ACC,2
261,261,Tyler Onyedim,Texas A&M,DL,2026-03-05,,,Texas,SEC,2
262,262,Ceyair Wright,Nebraska,CB,2026-03-05,,,Nebraska,Big Ten,2
263,263,Riley Mahlman,Wisconsin,OT,2026-03-05,,,Wisconsin,Big Ten,2
264,264,Avery Smith,Toledo,CB,2026-03-05,,,Ohio,FBS - MAC,2
265,265,Kobe Baynes,Kansas,IOL,2026-03-05,,,Kansas,Big 12,2
266,266,Nyjalik Kelly,UCF,EDGE,2026-03-05,,,Florida,Big 12,2
267,267,Namdi Obiazor,TCU,LB,2026-03-05,,,Texas,Big 12,2
268,268,Drew Stevens,Iowa,K,2026-03-05,,,Iowa,Big Ten,2
269,269,Scooby Williams,Texas A&M,LB,2026-03-05,,,Texas,SEC,2
270,270,Luke Basso,Oregon,LS,2026-03-05,,,Oregon,Big Ten,2
271,271,Fred Davis II,Northwestern,CB,2026-03-05,,,Illinois,Big Ten,2
272,272,Beau Gardner,Georgia,LS,2026-03-05,,,Georgia,SEC,2
273,273,Caullin Lacy,Louisville,WR,2026-03-05,,,Kentucky,ACC,2
274,274,Devin Voisin,South Alabama,WR,2026-03-05,,,Alabama,FBS - Sun Belt,2
275,275,Will Ferrin,BYU,K,2026-03-05,,,Utah,Big 12,2
276,276,Jalen Huskey,Maryland,CB,2026-03-05,,,Maryland,Big Ten,2
277,277,Febechi Nwaiwu,Oklahoma,IOL,2026-03-05,,,Oklahoma,SEC,2
278,278,Lance Mason,Wisconsin,TE,2026-03-05,,,Wisconsin,Big Ten,2
279,279,Logan Fano,Utah,EDGE,2026-03-05,,,Utah,Big 12,2
280,280,Clay Patterson,Stanford,DL,2026-03-05,,,California,ACC,2
281,281,George Gumbs Jr.,Florida,EDGE,2026-03-05,,,Florida,SEC,2
282,282,Caden Barnett,Wyoming,OT,2026-03-05,,,Wyoming,FBS - Mountain West,2
283,283,Jordan van den Berg,Georgia Tech,DL,2026-03-05,,,Georgia,ACC,2
284,284,Brent Austin,California,CB,2026-03-05,,,California,ACC,2
285,285,DJ Harvey,USC,CB,2026-03-05,,,California,Big Ten,2
286,286,Justin Jefferson,Alabama,LB,2026-03-05,,,Alabama,SEC,2
287,287,Jeff Caldwell,Cincinnati,WR,2026-03-05,,,Ohio,Big 12,2
288,288,Will Kacmarek,Ohio State,TE,2026-03-05,,,Ohio,Big Ten,2
289,289,Josh Moten,Southern Miss,CB,2026-03-05,,,Mississippi,FBS - CUSA,2
290,290,West Weeks,LSU,LB,2026-03-05,,,Louisiana,SEC,2
291,291,Landon Robinson,Navy,DL,2026-03-05,,,Maryland,FBS - AAC,2
292,292,Wesley Williams,Duke,DL,2026-03-05,,,North Carolina,ACC,2
293,293,Chris Adams,Memphis,IOL,2026-03-05,,,Tennessee,FBS - AAC,2
294,294,Dane Key,Nebraska,WR,2026-03-05,,,Nebraska,Big Ten,2
295,295,James Brockermeyer,Miami (FL),IOL,2026-03-05,,,Florida,ACC,2
296,296,Ethan Onianwa,Ohio State,OT,2026-03-05,,,Ohio,Big Ten,2
297,297,Kendrick Law,Kentucky,WR,2026-03-05,,,Kentucky,SEC,2
298,298,Eric O'Neill,Rutgers,EDGE,2026-03-05,,,New Jersey,Big Ten,2
299,299,R.J. Maryland,SMU,TE,2026-03-05,,,Texas,ACC,2
300,300,Kendal Daniels,Oklahoma,S,2026-03-05,,,Oklahoma,SEC,2
301,301,Trebor Pena,Penn State,WR,2026-03-05,,,Pennsylvania,Big Ten,1
302,302,Ahmari Harvey,Georgia Tech,CB,2026-03-05,,,Georgia,ACC,1
303,303,Skyler Thomas,Oregon State,S,2026-03-05,,,Oregon,Pac 12,1
304,304,DeShon Singleton,Nebraska,S,2026-03-05,,,Nebraska,Big Ten,1
305,305,Preston Hodge,Colorado,CB,2026-03-05,,,Colorado,Big 12,1
306,306,Cian Slone,NC State,EDGE,2026-03-05,,,North Carolina,ACC,1
307,307,Bakyne Coly,Purdue,OT,2026-03-05,,,Indiana,Big Ten,1
308,308,Noah Whittington,Oregon,RB,2026-03-05,,,Oregon,Big Ten,1
309,309,Zavion Thomas,LSU,WR,2026-03-05,,,Louisiana,SEC,1
310,310,Travis Burke,Memphis,OT,2026-03-05,,,Tennessee,FBS - AAC,1
311,311,James Thompson Jr.,Illinois,DL,2026-03-05,,,Illinois,Big Ten,1
312,312,Jaylon Guilbeau,Texas,CB,2026-03-05,,,Texas,SEC,1
313,313,D.Q. Smith,South Carolina,S,2026-03-05,,,South Carolina,SEC,1
314,314,James Neal,Iowa State,IOL,2026-03-05,,,Iowa,Big 12,1
315,315,Marcus Allen,North Carolina,CB,2026-03-05,,,North Carolina,ACC,1
316,316,Malik Benson,Oregon,WR,2026-03-05,,,Oregon,Big Ten,1
317,317,Austin Brown,Wisconsin,S,2026-03-05,,,Wisconsin,Big Ten,1
318,318,Behren Morton,Texas Tech,QB,2026-03-05,,,Texas,Big 12,1
319,319,Caden Fordham,NC State,LB,2026-03-05,,,North Carolina,ACC,1
320,320,Giovanni El-Hadi,Michigan,IOL,2026-03-05,,,Michigan,Big Ten,1
321,321,Michael Heldman,Central Michigan,EDGE,2026-03-05,,,Michigan,FBS - MAC,1
322,322,Aidan Hubbard,Northwestern,EDGE,2026-03-05,,,Illinois,Big Ten,1
323,323,Tommy Doman,Florida,P,2026-03-05,,,Florida,SEC,1
324,324,Kolbey Taylor,Vanderbilt,CB,2026-03-05,,,Tennessee,SEC,1
325,325,Karson Sharar,Iowa,LB,2026-03-05,,,Iowa,Big Ten,1
326,326,Jarod Washington,South Carolina State,CB,2026-03-05,,,South Carolina,FCS,1
327,327,Tyler Duzansky,Penn State,LS,2026-03-05,,,Pennsylvania,Big Ten,1
328,328,David Blay,Miami (FL),DL,2026-03-05,,,Florida,ACC,1
329,329,Jack Stonehouse,Syracuse,P,2026-03-05,,,New York,ACC,1
330,330,Garrison Grimes,BYU,LS,2026-03-05,,,Utah,Big 12,1
331,331,Declan Williams,Incarnate Word,LB,2026-03-05,,,Texas,FCS,1
332,332,Jackson Kuwatch,Miami (OH),EDGE,2026-03-05,,,Ohio,FBS - MAC,1
333,333,Bauer Sharp,LSU,TE,2026-03-05,,,Louisiana,SEC,1
334,334,Kentrel Bullock,South Alabama,RB,2026-03-05,,,Alabama,FBS - Sun Belt,1
335,335,Chip Trayanum,Toledo,RB,2026-03-05,,,Ohio,FBS - MAC,1
336,336,Dillon Wade,Auburn,IOL,2026-03-05,,,Alabama,SEC,1
337,337,Gary Smith III,UCLA,DL,2026-03-05,,,California,Big Ten,1
338,338,Joe Cooper,Slippery Rock,OT,2026-03-05,,,Pennsylvania,D2,1
339,339,Michael Wortham,Montana,WR,2026-03-05,,,Montana,FCS,1
340,340,Evan Beerntsen,Northwestern,IOL,2026-03-05,,,Illinois,Big Ten,1
341,341,Joe Fagnano,UConn,QB,2026-03-05,,,Connecticut,FBS - AAC,1
342,342,Romello Brinson,SMU,WR,2026-03-05,,,Texas,ACC,1
343,343,Jaden Dugger,Louisiana-Lafayette,LB,2026-03-05,,,Louisiana,FBS - Sun Belt,1
344,344,Wydett Williams Jr.,Ole Miss,S,2026-03-05,,,Mississippi,SEC,1
345,345,Joey Aguilar,Tennessee,QB,2026-03-05,,,Tennessee,SEC,1
346,346,Brandon Cleveland,NC State,DL,2026-03-05,,,North Carolina,ACC,1
347,347,Al'zillion Hamilton,Fresno State,CB,2026-03-05,,,California,FBS - Mountain West,1
348,348,Wesley Bissainthe,Miami (FL),LB,2026-03-05,,,Florida,ACC,1
349,349,Devan Boykin,Indiana,S,2026-03-05,,,Indiana,Big Ten,1
350,350,Jimmy Rolder,Michigan,LB,2026-03-05,,,Michigan,Big Ten,1
351,351,Jeffrey M'ba,SMU,DL,2026-03-05,,,Texas,ACC,1
352,352,Ryan Eckley,Michigan State,P,2026-03-05,,,Michigan,Big Ten,1
353,353,Connor Tollison,Missouri,IOL,2026-03-05,,,Missouri,SEC,1
354,354,Jalen McMurray,Tennessee,CB,2026-03-05,,,Tennessee,SEC,1
355,355,Jalen Catalon,Missouri,S,2026-03-05,,,Missouri,SEC,1
356,356,Dan Villari,Syracuse,TE,2026-03-05,,,New York,ACC,1
357,357,Micah Morris,Georgia,IOL,2026-03-05,,,Georgia,SEC,1
358,358,Jaydn Ott,Oklahoma,RB,2026-03-05,,,Oklahoma,SEC,1
359,359,Logan Taylor,Boston College,IOL,2026-03-05,,,Massachusetts,ACC,1
360,360,Collin Wright,Stanford,CB,2026-03-05,,,California,ACC,1
361,361,Keyshawn James-Newby,New Mexico,EDGE,2026-03-05,,,New Mexico,FBS - Mountain West,1
362,362,Keeshawn Silver,USC,DL,2026-03-05,,,California,Big Ten,1
363,363,Jakari Foster,Louisiana Tech,S,2026-03-05,,,Louisiana,FBS - CUSA,1
364,364,Carsen Ryan,BYU,TE,2026-03-05,,,Utah,Big 12,1
365,365,Trey Smack,Florida,K,2026-03-05,,,Florida,SEC,1
366,366,Emmanuel Henderson,Kansas,WR,2026-03-05,,,Kansas,Big 12,1
367,367,Jamarion Miller,Alabama,RB,2026-03-05,,,Alabama,SEC,1
368,368,Dalton Johnson,Arizona,S,2026-03-05,,,Arizona,Big 12,1
369,369,Myles Rowser,Arizona State,S,2026-03-05,,,Arizona,Big 12,1
370,370,Cole Brevard,Texas,DL,2026-03-05,,,Texas,SEC,1
371,371,Chris Hilton,LSU,WR,2026-03-05,,,Louisiana,SEC,1
372,372,Jayden Williams,Ole Miss,OT,2026-03-05,,,Mississippi,SEC,1
373,373,Jamal Haynes,Georgia Tech,RB,2026-03-05,,,Georgia,ACC,1
374,374,Aaron Hall,Duke,DL,2026-03-05,,,North Carolina,ACC,1
375,375,Dontae Balfour,Texas Tech,CB,2026-03-05,,,Texas,Big 12,1
376,376,Dominic Zvada,Michigan,K,2026-03-05,,,Michigan,Big Ten,1
377,377,Seydou Traore,Mississippi State,TE,2026-03-05,,,Mississippi,SEC,1
378,378,Jack Pyburn,LSU,EDGE,2026-03-05,,,Louisiana,SEC,1
379,379,Keelan Marion,Miami (FL),WR,2026-03-05,,,Florida,ACC,1
380,380,Terry Webb,SMU,DL,2026-03-05,,,Texas,ACC,1
381,381,Curtis Allen,Virginia Union,RB,2026-03-05,,,Virginia,D2,1
382,382,C.J. Donaldson,Ohio State,RB,2026-03-05,,,Ohio,Big Ten,1
383,383,Aaron Graves,Iowa,DL,2026-03-05,,,Iowa,Big Ten,1
384,384,Athan Kaliakmanis,Rutgers,QB,2026-03-05,,,New Jersey,Big Ten,1
385,385,Blake Cotton,Utah,CB,2026-03-05,,,Utah,Big 12,1
386,386,Garrett DiGiorgio,UCLA,OT,2026-03-05,,,California,Big Ten,1
387,387,Jacob Thomas,James Madison,S,2026-03-05,,,Virginia,FBS - Sun Belt,1
388,388,J.Michael Sturdivant,Florida,WR,2026-03-05,,,Florida,SEC,1
389,389,Khalil Dinkins,Penn State,TE,2026-03-05,,,Pennsylvania,Big Ten,1
390,390,Noah Thomas,Georgia,WR,2026-03-05,,,Georgia,SEC,1
391,391,Ka'ena Decambra,Arizona,IOL,2026-03-05,,,Arizona,Big 12,1
392,392,Bryan Thomas Jr.,South Carolina,EDGE,2026-03-05,,,South Carolina,SEC,1
393,393,Reuben Unije,UCLA,OT,2026-03-05,,,California,Big Ten,1
394,394,Alan Herron,Maryland,IOL,2026-03-05,,,Maryland,Big Ten,1
395,395,Delby Lemieux,Dartmouth,IOL,2026-03-05,,,New Hampshire,FCS,1
396,396,Dillon Bell,Georgia,WR,2026-03-05,,,Georgia,SEC,1
397,397,Kalil Alexander,Texas State,EDGE,2026-03-05,,,Texas,FBS - Sun Belt,1
398,398,Jackie Marshall,Baylor,DL,2026-03-05,,,Texas,Big 12,1
399,399,Mark Gronowski,Iowa,QB,2026-03-05,,,Iowa,Big Ten,1
400,400,Kejon Owens,Florida International,RB,2026-03-05,,,Florida,FBS - CUSA,1
401,401,Haynes King,Georgia Tech,QB,2026-03-05,,,Georgia,ACC,1
402,402,Harrison Wallace III,Ole Miss,WR,2026-03-05,,,Mississippi,SEC,1
403,403,Isaiah Nwokobia,SMU,S,2026-03-05,,,Texas,ACC,1
404,404,Izavion Miller,Auburn,OT,2026-03-05,,,Alabama,SEC,1
405,405,Brett Thorson,Georgia,P,2026-03-05,,,Georgia,SEC,1
406,406,P.J. Williams,SMU,OT,2026-03-05,,,Texas,ACC,1
407,407,Dorion Strawn,Texas State,OT,2026-03-05,,,Texas,FBS - Sun Belt,1
408,408,Josh Thompson,LSU,IOL,2026-03-05,,,Louisiana,SEC,1
409,409,Bryce Foster,Kansas,IOL,2026-03-05,,,Kansas,Big 12,1
410,410,Jahiem Lawson,Clemson,EDGE,2026-03-05,,,South Carolina,ACC,1
411,411,Wendell Moe Jr.,Tennessee,IOL,2026-03-05,,,Tennessee,SEC,1
412,412,Tyre West,Tennessee,EDGE,2026-03-05,,,Tennessee,SEC,1
413,413,Miles Scott,Illinois,S,2026-03-05,,,Illinois,Big Ten,1
414,414,Derek Simmons,Oklahoma,OT,2026-03-05,,,Oklahoma,SEC,1
415,415,Jaren Kanak,Oklahoma,TE,2026-03-05,,,Oklahoma,SEC,1
416,416,Rene Konga,Louisville,DL,2026-03-05,,,Kentucky,ACC,1
417,417,Micah Pettus,Florida State,OT,2026-03-05,,,Florida,ACC,1
418,418,Tanner Arkin,Illinois,TE,2026-03-05,,,Illinois,Big Ten,1
419,419,DJ Rogers,TCU,TE,2026-03-05,,,Texas,Big 12,1
420,420,Dominic Bailey,Tennessee,EDGE,2026-03-05,,,Tennessee,SEC,1
421,421,Jameson Geers,Minnesota,TE,2026-03-05,,,Minnesota,Big Ten,1
422,422,Rahsul Faison,South Carolina,RB,2026-03-05,,,South Carolina,SEC,1
423,423,Dayon Hayes,Texas A&M,EDGE,2026-03-05,,,Texas,SEC,1
424,424,Jalil Farooq,Maryland,WR,2026-03-05,,,Maryland,Big Ten,1
425,425,Devean Deal,TCU,EDGE,2026-03-05,,,Texas,Big 12,1
426,426,Rocco Spindler,Nebraska,IOL,2026-03-05,,,Nebraska,Big Ten,1
427,427,Marvin Jones Jr.,Oklahoma,EDGE,2026-03-05,,,Oklahoma,SEC,1
428,428,Miller Moss,Louisville,QB,2026-03-05,,,Kentucky,ACC,1
429,429,Ahmaad Moses,SMU,S,2026-03-05,,,Texas,ACC,1
430,430,Isaiah Jatta,BYU,OT,2026-03-05,,,Utah,Big 12,1
431,431,Toriano Pride,Missouri,CB,2026-03-05,,,Missouri,SEC,1
432,432,Dariel Djabome,Rutgers,LB,2026-03-05,,,New Jersey,Big Ten,1
433,433,Jayden Virgin-Morgan,Boise State,EDGE,2026-03-05,,,Idaho,FBS - Mountain West,1
434,434,Jalen Walthall,Incarnate Word,WR,2026-03-05,,,Texas,FCS,1
435,435,Terion Stewart,Virginia Tech,RB,2026-03-05,,,Virginia,ACC,1
436,436,Dean Connors,Houston,RB,2026-03-05,,,Texas,Big 12,1
437,437,Thomas Castellanos,Florida State,QB,2026-03-05,,,Florida,ACC,1
438,438,Tyreek Chappell,Texas A&M,CB,2026-03-05,,,Texas,SEC,1
439,439,Jake Retzlaff,Tulane,QB,2026-03-05,,,Louisiana,FBS - AAC,1
440,440,Jerry Wilson,Florida State,CB,2026-03-05,,,Florida,ACC,1
441,441,Kyron Drones,Virginia Tech,QB,2026-03-05,,,Virginia,ACC,1
442,442,Tomas Rimac,Virginia Tech,IOL,2026-03-05,,,Virginia,ACC,1
443,443,Ben Bell,Virginia Tech,EDGE,2026-03-05,,,Virginia,ACC,1
444,444,Davion Carter,Texas Tech,IOL,2026-03-05,,,Texas,Big 12,1
445,445,Jack Velling,Michigan State,TE,2026-03-05,,,Michigan,Big Ten,1
446,446,Luke Petitbon,Florida State,IOL,2026-03-05,,,Florida,ACC,1
447,447,Dasan McCullough,Nebraska,EDGE,2026-03-05,,,Nebraska,Big Ten,1
448,448,Bai Jobe,Miami (OH),EDGE,2026-03-05,,,Ohio,FBS - MAC,1
449,449,Markee Anderson,South Carolina,IOL,2026-03-05,,,South Carolina,SEC,1
450,450,Joshua Padilla,Ohio State,IOL,2026-03-05,,,Ohio,Big Ten,1
451,451,Jameial Lyons,Penn State,EDGE,2026-03-05,,,Pennsylvania,Big Ten,1
452,452,Makari Vickers,Colorado,CB,2026-03-05,,,Colorado,Big 12,1
453,453,Derion Gullette,Mississippi State,EDGE,2026-03-05,,,Mississippi,SEC,1
454,454,Nathan Leacock,North Carolina,WR,2026-03-05,,,North Carolina,ACC,1
455,455,Lewis Carter,UCF,LB,2026-03-05,,,Florida,Big 12,1
456,456,Tyler White,Texas A&M,P,2026-03-05,,,Texas,SEC,1
457,457,Bravion Rogers,Texas A&M,CB,2026-03-05,,,Texas,SEC,1
458,458,Samuel M'Pemba,Texas A&M,EDGE,2026-03-05,,,Texas,SEC,1
459,459,Jaylon Braxton,Ole Miss,CB,2026-03-05,,,Mississippi,SEC,1
460,460,Jaybron Harvey,North Carolina,EDGE,2026-03-05,,,North Carolina,ACC,1
461,461,Ryan Niblett,Texas,WR,2026-03-05,,,Texas,SEC,1
462,462,Jason Moore,Ohio State,DL,2026-03-05,,,Ohio,Big Ten,1
463,463,Ayden Williams,Mississippi State,WR,2026-03-05,,,Mississippi,SEC,1
464,464,Jaiden Ausberry,Notre Dame,LB,2026-03-05,,,Indiana,FBS - Independent,1
465,465,Shamurad Umarov,Tennessee,OT,2026-03-05,,,Tennessee,SEC,1
466,466,Raymond Cottrell,West Alabama,WR,2026-03-05,,,Alabama,D2,1
467,467,Troy Bowles,Michigan,LB,2026-03-05,,,Michigan,Big Ten,1
468,468,Brenan Vernon,Notre Dame,DL,2026-03-05,,,Indiana,FBS - Independent,1
469,469,Braylon James,TCU,WR,2026-03-05,,,Texas,Big 12,1
470,470,Calvin Simpson-Hunt,Baylor,CB,2026-03-05,,,Texas,Big 12,1
471,471,A'Marion McCoy,Boise State,CB,2026-03-05,,,Idaho,FBS - Mountain West,1
472,472,Grayson Loftis,Charlotte,QB,2026-03-05,,,North Carolina,FBS - AAC,1
473,473,Sedrick Alexander,Vanderbilt,RB,2026-03-05,,,Tennessee,SEC,1
474,474,Calvin Clements,Kansas,OT,2026-03-05,,,Kansas,Big 12,1
475,475,James Durand,Western Illinois,IOL,2026-03-05,,,Illinois,FCS,1
476,476,Davin Stoffel,Illinois,TE,2026-03-05,,,Illinois,Big Ten,1
477,477,Kansei Matsuzawa,Hawaii,K,2026-03-05,,,Hawaii,FBS - Mountain West,1
478,478,Travis Shaw,Texas,DL,2026-03-05,,,Texas,SEC,1
479,479,Denver Harris,UNLV,CB,2026-03-05,,,Nevada,FBS - Mountain West,1
480,480,Holden Staes,Indiana,TE,2026-03-05,,,Indiana,Big Ten,1
481,481,Kam Dewberry,Alabama,IOL,2026-03-05,,,Alabama,SEC,1
482,482,Collin Sadler,Clemson,OT,2026-03-05,,,South Carolina,ACC,1
483,483,Dayne Shor,Akron,OT,2026-03-05,,,Ohio,FBS - MAC,1
484,484,Kaleb Brown,UAB,WR,2026-03-05,,,Alabama,FBS - AAC,1
485,485,Braylin Presley,Tulsa,WR,2026-03-05,,,Oklahoma,FBS - AAC,1
486,486,Jacolby Spells,West Virginia,CB,2026-03-05,,,West Virginia,Big 12,1
487,487,Amari Niblack,Texas A&M,TE,2026-03-05,,,Texas,SEC,1
488,488,Malick Sylla,Mississippi State,EDGE,2026-03-05,,,Mississippi,SEC,1
489,489,J.Q. Hardaway,Kentucky,CB,2026-03-05,,,Kentucky,SEC,1
490,490,Jaylon Glover,UNLV,RB,2026-03-05,,,Nevada,FBS - Mountain West,1
491,491,Popeye Williams,Western Michigan,EDGE,2026-03-05,,,Michigan,FBS - MAC,1
492,492,Jamari Lyons,Florida,DL,2026-03-05,,,Florida,SEC,1
493,493,Keaten Wade,Colorado,EDGE,2026-03-05,,,Colorado,Big 12,1
494,494,Justice Finkley,Kansas,EDGE,2026-03-05,,,Kansas,Big 12,1
495,495,Cole Hutson,Texas,IOL,2026-03-05,,,Texas,SEC,1
496,496,Cam Miller,Rutgers,CB,2026-03-05,,,New Jersey,Big Ten,1
497,497,Kyion Grayes,California,WR,2026-03-05,,,California,ACC,1
498,498,Maalik Murphy,Oregon State,QB,2026-03-05,,,Oregon,Pac 12,1
499,499,Khurtiss Perry,Jacksonville State,DL,2026-03-05,,,Alabama,FBS - CUSA,1
500,500,Shawn Murphy,South Carolina,LB,2026-03-05,,,South Carolina,SEC,1
501,501,Kobe Prentice,Baylor,WR,2026-03-05,,,Texas,Big 12,1
502,502,C.J. Williams,Stanford,WR,2026-03-05,,,California,ACC,1
503,503,TreVonte Citizen,McNeese State,RB,2026-03-05,,,Louisiana,FCS,1
504,504,Tobias Merriweather,Utah,WR,2026-03-05,,,Utah,Big 12,1
505,505,Antonio Gates Jr.,Delaware State,WR,2026-03-05,,,Delaware,FCS,1
506,506,Julian Armella,UCLA,IOL,2026-03-05,,,California,Big Ten,1
507,507,Zion Branch,Georgia,S,2026-03-05,,,Georgia,SEC,1
508,508,Nate Johnson,Utah,QB,2026-03-05,,,Utah,Big 12,1
509,509,Darren Agu,New Mexico,EDGE,2026-03-05,,,New Mexico,FBS - Mountain West,1
510,510,Justus Ross-Simmons,Syracuse,WR,2026-03-05,,,New York,ACC,1
511,511,Gavin Gibson,North Carolina,CB,2026-03-05,,,North Carolina,ACC,1
512,512,Kam Olds,Kentucky,EDGE,2026-03-05,,,Kentucky,SEC,1
513,513,Jeremiah Earby,Boise State,CB,2026-03-05,,,Idaho,FBS - Mountain West,1
514,514,Damonic Williams,Oklahoma,DL,2026-03-05,,,Oklahoma,SEC,1
515,515,Van Wells,Oregon State,IOL,2026-03-05,,,Oregon,Pac 12,1
516,516,Squirrel White,Florida State,WR,2026-03-05,,,Florida,ACC,1
517,517,Owen McCown,UTSA,QB,2026-03-05,,,Texas,FBS - AAC,1
518,518,Richard Reese,Stephen F. Austin,RB,2026-03-05,,,Texas,FCS,1
519,519,John Bock II,Tulane,IOL,2026-03-05,,,Louisiana,FBS - AAC,1
520,520,Braxton Fely,Boise State,DL,2026-03-05,,,Idaho,FBS - Mountain West,1
521,521,Wade Woodaz,Clemson,LB,2026-03-05,,,South Carolina,ACC,1
522,522,Kyron Barnes,Nicholls State,OT,2026-03-05,,,Louisiana,FCS,1
523,523,Josh Kattus,Kentucky,TE,2026-03-05,,,Kentucky,SEC,1
524,524,Andrew Paul,Jacksonville State,RB,2026-03-05,,,Alabama,FBS - CUSA,1
525,525,Deshaun Lee,Iowa,CB,2026-03-05,,,Iowa,Big Ten,1
526,526,Eddie Kelly,West Virginia,DL,2026-03-05,,,West Virginia,Big 12,1
527,527,Malik Spencer,Michigan State,S,2026-03-05,,,Michigan,Big Ten,1
528,528,Savion Red,Sacramento State,RB,2026-03-05,,,California,FCS,1
529,529,Pichon Wimbley,Georgia Southern,IOL,2026-03-05,,,Georgia,FBS - Sun Belt,1
530,530,Cameron Robertson,SMU,EDGE,2026-03-05,,,Texas,ACC,1
531,531,Tyler Perkins,Iowa State,P,2026-03-05,,,Iowa,Big 12,1
532,532,Cade McConnell,Vanderbilt,IOL,2026-03-05,,,Tennessee,SEC,1
533,533,Jackson Lee,Florida Atlantic,LS,2026-03-05,,,Florida,FBS - AAC,1
534,534,Lance St. Louis,Texas,LS,2026-03-05,,,Texas,SEC,1
535,535,Jordan Pollard,San Jose State,LB,2026-03-05,,,California,FBS - Mountain West,1
536,536,Bryan McCoy,Oklahoma State,LB,2026-03-05,,,Oklahoma,Big 12,1
537,537,Maurice Westmoreland,Tulane,EDGE,2026-03-05,,,Louisiana,FBS - AAC,1
538,538,Desmeal Leigh,Youngstown State,OT,2026-03-05,,,Ohio,FCS,1
539,539,Omar Aigbedion,Baylor,IOL,2026-03-05,,,Texas,Big 12,1
540,540,Liam Becher,North Dakota,IOL,2026-03-05,,,North Dakota,FCS,1
541,541,Quinten Christensen,South Dakota State,IOL,2026-03-05,,,South Dakota,FCS,1
542,542,Damon Payne,Michigan,DL,2026-03-05,,,Michigan,Big Ten,1
543,543,Korey Foreman,Fresno State,EDGE,2026-03-05,,,California,FBS - Mountain West,1
544,544,Sage Ryan,Ole Miss,S,2026-03-05,,,Mississippi,SEC,1
545,545,Jaylin Davies,Oklahoma State,CB,2026-03-05,,,Oklahoma,Big 12,1
546,546,J.P. Benzschawel,Wisconsin,IOL,2026-03-05,,,Wisconsin,Big Ten,1
547,547,Jonathan Jefferson,SMU,DL,2026-03-05,,,Texas,ACC,1
548,548,Keanu Koht,Vanderbilt,EDGE,2026-03-05,,,Tennessee,SEC,1
549,549,L.J. Johnson Jr.,California,RB,2026-03-05,,,California,ACC,1
550,550,Preston Stone,Northwestern,QB,2026-03-05,,,Illinois,Big Ten,1
551,551,Nyland Green,Arizona State,CB,2026-03-05,,,Arizona,Big 12,1
552,552,Tywone Malone,Ohio State,DL,2026-03-05,,,Ohio,Big Ten,1
553,553,Kelvin Gilliam,Virginia Tech,DL,2026-03-05,,,Virginia,ACC,1
554,554,Jayden Ballard,Wisconsin,WR,2026-03-05,,,Wisconsin,Big Ten,1
555,555,Malik McClain,Arizona State,WR,2026-03-05,,,Arizona,Big 12,1
556,556,Byron Cardwell,San Diego State,RB,2026-03-05,,,California,FBS - Mountain West,1
557,557,Clayton Smith,Arizona State,EDGE,2026-03-05,,,Arizona,Big 12,1
558,558,Raesjon Davis,Oregon State,LB,2026-03-05,,,Oregon,Pac 12,1
559,559,Marcus Burris,Memphis,DL,2026-03-05,,,Tennessee,FBS - AAC,1
560,560,Terrence Ferguson II,Syracuse,IOL,2026-03-05,,,New York,ACC,1
561,561,Kyron Ware-Hudson,Penn State,WR,2026-03-05,,,Pennsylvania,Big Ten,1
562,562,Ethan Calvert,Cal Poly,LB,2026-03-05,,,California,FCS,1
563,563,Latrell McCutchin,Houston,CB,2026-03-05,,,Texas,Big 12,1
564,564,Jeremiah Williams,Texas A&M,EDGE,2026-03-05,,,Texas,SEC,1
565,565,Shadrach Banks,UTSA,LB,2026-03-05,,,Texas,FBS - AAC,1
566,566,Savion Byrd,SMU,IOL,2026-03-05,,,Texas,ACC,1
567,567,Bram Walden,Arizona State,IOL,2026-03-05,,,Arizona,Big 12,1
568,568,Deion Colzie,Miami (OH),WR,2026-03-05,,,Ohio,FBS - MAC,1
569,569,Keli Lawson,UCF,LB,2026-03-05,,,Florida,Big 12,1
570,570,JoJo Earle,UNLV,WR,2026-03-05,,,Nevada,FBS - Mountain West,1
571,571,Bryce Carter,Texas State,DL,2026-03-05,,,Texas,FBS - Sun Belt,1
572,572,Kaidon Salter,Colorado,QB,2026-03-05,,,Colorado,Big 12,1
573,573,Dacari Collins,Louisville,WR,2026-03-05,,,Kentucky,ACC,1
574,574,Ty Thompson,Tulane,TE,2026-03-05,,,Louisiana,FBS - AAC,1
575,575,Zaire Patterson,Clemson,EDGE,2026-03-05,,,South Carolina,ACC,1
576,576,Kadarius Calloway,New Mexico State,RB,2026-03-05,,,New Mexico,FBS - CUSA,1
577,577,Gabriel Rubio,Notre Dame,DL,2026-03-05,,,Indiana,FBS - Independent,1
578,578,Zen Michalski,Indiana,OT,2026-03-05,,,Indiana,Big Ten,1
579,579,Trevion Cooley,Troy,RB,2026-03-05,,,Alabama,FBS - Sun Belt,1
580,580,Raheem Anderson,Western Michigan,IOL,2026-03-05,,,Michigan,FBS - MAC,1
581,581,Damarius McGhee,Florida Atlantic,CB,2026-03-05,,,Florida,FBS - AAC,1
582,582,Christian Leary,Western Michigan,WR,2026-03-05,,,Michigan,FBS - MAC,1
583,583,Armoni Goodwin,UT Martin,RB,2026-03-05,,,Tennessee,FCS,1
584,584,Avante Dickerson,Arkansas State,CB,2026-03-05,,,Arkansas,FBS - Sun Belt,1
585,585,Elliot Donald,Pitt,DL,2026-03-05,,,Pennsylvania,ACC,1
586,586,Reuben Fatheree II,Texas A&M,OT,2026-03-05,,,Texas,SEC,1
587,587,Prince Kollie,Vanderbilt,LB,2026-03-05,,,Tennessee,SEC,1
588,588,Reid Carrico,West Virginia,LB,2026-03-05,,,West Virginia,Big 12,1
589,589,Teddy Prochazka,Nebraska,OT,2026-03-05,,,Nebraska,Big Ten,1
590,590,Cade Denhoff,Clemson,EDGE,2026-03-05,,,South Carolina,ACC,1
591,591,David Daniel-Sisavanh,Troy,S,2026-03-05,,,Alabama,FBS - Sun Belt,1
592,592,Jordan Favors,Appalachian State,S,2026-03-05,,,North Carolina,FBS - Sun Belt,1
593,593,Barika Kpeenu,North Dakota State,RB,2026-03-05,,,North Dakota,FCS,1
594,594,Joseph Manjack IV,TCU,WR,2026-03-05,,,Texas,Big 12,1
595,595,Dylan Rosiek,Illinois,LB,2026-03-05,,,Illinois,Big Ten,1
596,596,Ryan Mosesso,Massachusetts,OT,2026-03-05,,,Massachusetts,FBS - MAC,1
597,597,Jerand Bradley,Kansas State,WR,2026-03-05,,,Kansas,Big 12,1
598,598,Sean Brown,NC State,LB,2026-03-05,,,North Carolina,ACC,1
599,599,Ricardo Hallman,Wisconsin,CB,2026-03-05,,,Wisconsin,Big Ten,1
600,600,Logan Diggs,Ole Miss,RB,2026-03-05,,,Mississippi,SEC,1
601,601,Jared Brown,South Carolina,WR,2026-03-05,,,South Carolina,SEC,1
602,602,Shyheim Brown,Florida State,S,2026-03-05,,,Florida,ACC,1
603,603,Tiaoalii Savea,Arizona,DL,2026-03-05,,,Arizona,Big 12,1
604,604,Alton McCaskill IV,Sam Houston State,RB,2026-03-05,,,Texas,FBS - CUSA,1
605,605,Roy Williams,Northern Illinois,EDGE,2026-03-05,,,Illinois,FBS - MAC,1
606,606,Jaden Keller,Virginia Tech,LB,2026-03-05,,,Virginia,ACC,1
607,607,Jayden Thomas,Virginia,WR,2026-03-05,,,Virginia,ACC,1
608,608,Mason Murphy,Auburn,OT,2026-03-05,,,Alabama,SEC,1
609,609,Darian Chestnut,Syracuse,CB,2026-03-05,,,New York,ACC,1
610,610,Khordae Sydnor,Vanderbilt,EDGE,2026-03-05,,,Tennessee,SEC,1
611,611,Rara Thomas,Troy,WR,2026-03-05,,,Alabama,FBS - Sun Belt,1
612,612,Daylan Carnell,Missouri,S,2026-03-05,,,Missouri,SEC,1
613,613,Chamon Metayer,Arizona State,TE,2026-03-05,,,Arizona,Big 12,1
614,614,Jason Henderson,Old Dominion,LB,2026-03-05,,,Virginia,FBS - CUSA,1
615,615,Andrel Anthony,Duke,WR,2026-03-05,,,North Carolina,ACC,1
616,616,Cade Zimmerly,Bowling Green,IOL,2026-03-05,,,Ohio,FBS - MAC,1
617,617,Max Tomzcak,Youngstown State,WR,2026-03-05,,,Ohio,FCS,1
618,618,Bert Auburn,Miami (FL),K,2026-03-05,,,Florida,ACC,1
619,619,Kamryn Waites,Florida,IOL,2026-03-05,,,Florida,SEC,1
620,620,Ashton Grable,Florida A&M,IOL,2026-03-05,,,Florida,FCS,1
621,621,Ross James,Oregon,P,2026-03-05,,,Oregon,Big Ten,1
622,622,Bruno Onwuazor,Virginia State,OT,2026-03-05,,,Virginia,D2,1
623,623,Tony Grimes,Purdue,CB,2026-03-05,,,Indiana,Big Ten,1
624,624,Jeff Sims,Arizona State,QB,2026-03-05,,,Arizona,Big 12,1
625,625,Drew Pyne,Bowling Green,QB,2026-03-05,,,Ohio,FBS - MAC,1
626,626,Walker Parks,Clemson,IOL,2026-03-05,,,South Carolina,ACC,1
627,627,Turner Corcoran,Nebraska,IOL,2026-03-05,,,Nebraska,Big Ten,1
628,628,Stephen Dix Jr.,Arkansas,LB,2026-03-05,,,Arkansas,SEC,1
629,629,Demon Clowney,South Carolina,EDGE,2026-03-05,,,South Carolina,SEC,1
630,630,Reggie Grimes,Memphis,EDGE,2026-03-05,,,Tennessee,FBS - AAC,1
631,631,Tosh Baker,Notre Dame,OT,2026-03-05,,,Indiana,FBS - Independent,1
632,632,Aki Ogunbiyi,Colorado,IOL,2026-03-05,,,Colorado,Big 12,1
633,633,Zykeivous Walker,Auburn,DL,2026-03-05,,,Alabama,SEC,1
634,634,E.J. Smith,Texas A&M,RB,2026-03-05,,,Texas,SEC,1
635,635,Key Lawrence,UCLA,CB,2026-03-05,,,California,Big Ten,1
636,636,Malcolm Greene,Massachusetts,S,2026-03-05,,,Massachusetts,FBS - MAC,1
637,637,Bangally Kamara,Kansas,LB,2026-03-05,,,Kansas,Big 12,1
638,638,Tyler Van Dyke,SMU,QB,2026-03-05,,,Texas,ACC,1
639,639,Chad Lindberg,North Carolina,IOL,2026-03-05,,,North Carolina,ACC,1
640,640,Roydell Williams,Florida State,RB,2026-03-05,,,Florida,ACC,1
641,641,E.J. Williams,Indiana,WR,2026-03-05,,,Indiana,Big Ten,1
642,642,Xavion Alford,Arizona State,S,2026-03-05,,,Arizona,Big 12,1
643,643,Devin Neal,Virginia,S,2026-03-05,,,Virginia,ACC,1
644,644,Karon Prunty,Wake Forest,CB,2026-03-05,,,North Carolina,ACC,1
645,645,Nate Rutchena,UC Davis,TE,2026-03-05,,,California,FCS,1
646,646,Jalen Berger,UCLA,RB,2026-03-05,,,California,Big Ten,1
647,647,Nick Dawkins,Penn State,IOL,2026-03-05,,,Pennsylvania,Big Ten,1
648,648,Cam Porter,Northwestern,RB,2026-03-05,,,Illinois,Big Ten,1
649,649,Courtland Ford,UCLA,OT,2026-03-05,,,California,Big Ten,1
650,650,Gilber Edmond,South Carolina,EDGE,2026-03-05,,,South Carolina,SEC,1
651,651,Jordan White,Vanderbilt,IOL,2026-03-05,,,Tennessee,SEC,1
652,652,Will Shaffer,Abilene Christian,LB,2026-03-05,,,Texas,FCS,1
653,653,Ja'Mori Maclin,Kentucky,WR,2026-03-05,,,Kentucky,SEC,1
654,654,Jimari Butler,LSU,EDGE,2026-03-05,,,Louisiana,SEC,1
655,655,Leon Lowery Jr.,Illinois,LB,2026-03-05,,,Illinois,Big Ten,1
656,656,Jahmeer Carter,Virginia,DL,2026-03-05,,,Virginia,ACC,1
657,657,Payton Zdroik,Air Force,DL,2026-03-05,,,Colorado,FBS - Mountain West,1
658,658,D.J. Graham,Kansas,CB,2026-03-05,,,Kansas,Big 12,1
659,659,Dominic Richardson,Tulsa,RB,2026-03-05,,,Oklahoma,FBS - AAC,1
660,660,Stefon Thompson,Florida State,LB,2026-03-05,,,Florida,ACC,1
661,661,Xavier Hill,Colorado,IOL,2026-03-05,,,Colorado,Big 12,1
662,662,Hunter Zambrano,Texas Tech,IOL,2026-03-05,,,Texas,Big 12,1
663,663,Tyree Skipper,Louisiana-Lafayette,S,2026-03-05,,,Louisiana,FBS - Sun Belt,1
664,664,Alex Wollschlaeger,Kentucky,OT,2026-03-05,,,Kentucky,SEC,1
665,665,Tay Yanta II,North Texas,IOL,2026-03-05,,,Texas,FBS - AAC,1
666,666,Sabastian Harsh,NC State,DL,2026-03-05,,,North Carolina,ACC,1
667,667,Matthew Sluka,James Madison,QB,2026-03-05,,,Virginia,FBS - Sun Belt,1
668,668,Donavon Greene,Virginia Tech,WR,2026-03-05,,,Virginia,ACC,1
669,669,Ja'Varrius Johnson,UCF,WR,2026-03-05,,,Florida,Big 12,1
670,670,Cade McNamara,East Tennessee State,QB,2026-03-05,,,Tennessee,FCS,1
671,671,Isheem Young,Memphis,S,2026-03-05,,,Tennessee,FBS - AAC,1
672,672,Zach Calzada,Kentucky,QB,2026-03-05,,,Kentucky,SEC,1
673,673,Dequan Finn,Miami (OH),QB,2026-03-05,,,Ohio,FBS - MAC,1
674,674,Antonio Clary,Virginia,S,2026-03-05,,,Virginia,ACC,1
675,675,Ben Coleman,Arizona State,IOL,2026-03-05,,,Arizona,Big 12,1
676,676,Matthew Bedford,Oregon,OT,2026-03-05,,,Oregon,Big Ten,1
