Rank,Player Name,Position,College
1,Fernando Mendoza,QB,Indiana
2,Arvell Reese,LB,Ohio State
3,Rueben Bain,EDGE,Miami (FL)
4,Carnell Tate,WR,Ohio State
5,Caleb Downs,S,Ohio State
6,Francis Mauigoa,OT,Miami (FL)
7,Jordyn Tyson,WR,Arizona State
8,Spencer Fano,OT,Utah
9,David Bailey,EDGE,Texas Tech
10,Jeremiyah Love,RB,Notre Dame
11,Keldric Faulk,EDGE,Auburn
12,Peter Woods,DL,Clemson
13,Mansoor Delane,CB,LSU
14,Jermod McCoy,CB,Tennessee
15,Sonny Styles,LB,Ohio State
16,Makai Lemon,WR,USC
17,Kenyon Sadiq,TE,Oregon
18,Avieon Terrell,CB,Clemson
19,Kadyn Proctor,OT,Alabama
20,Olaivavega Ioane,IOL,Penn State
21,Kayden McDonald,DL,Ohio State
22,Cashius Howell,EDGE,Texas A&M
23,Ty Simpson,QB,Alabama
24,Denzel Boston,WR,Washington
25,Caleb Lomu,OT,Utah
26,T.J. Parker,EDGE,Clemson
27,Kevin Concepcion,WR,Texas A&M
28,C.J. Allen,LB,Georgia
29,Caleb Banks,DL,Florida
30,Brandon Cisse,CB,South Carolina
31,Colton Hood,CB,Tennessee
32,Emmanuel Pregnon,IOL,Oregon
33,Christen Miller,DL,Georgia
34,Gennings Dunker,OT,Iowa
35,Monroe Freeling,OT,Georgia
36,Akheem Mesidor,EDGE,Miami (FL)
37,R Mason Thomas,EDGE,Oklahoma
38,Romello Height,EDGE,Texas Tech
39,Anthony Hill Jr.,LB,Texas
40,Emmanuel McNeil-Warren,S,Toledo
41,Trinidad Chambliss,QB,Mississippi
42,Keith Abney II,CB,Arizona State
43,Chris Bell,WR,Louisville
44,Elijah Sarratt,WR,Indiana
45,L.T. Overton,EDGE,Alabama
46,Chris Johnson,CB,San Diego State
47,Zachariah Branch,WR,Georgia
48,Lee Hunter,DL,Texas Tech
49,Dillon Thieneman,S,Oregon
50,Zion Young,EDGE,Missouri
51,Caleb Tiernan,OT,Northwestern
52,Germie Bernard,WR,Alabama
53,Chris Brazzell,WR,Tennessee
54,Connor Lew,IOL,Auburn
55,A.J. Haulcy,S,LSU
56,Jonah Coleman,RB,Washington
57,Blake Miller,OT,Clemson
58,Garrett Nussmeier,QB,LSU
59,Zakee Wheatley,S,Penn State
60,Kamari Ramsey,S,USC
61,Jake Golday,LB,Cincinnati
62,D'angelo Ponds,CB,Indiana
63,Dani Dennis-Sutton,EDGE,Penn State
64,Isaiah World,OT,Oregon
65,Ja'Kobi Lane,WR,USC
66,Chase Bisontis,IOL,Texas A&M
67,Julian Neal,CB,Arkansas
68,Joshua Josephs,EDGE,Tennessee
69,Domonique Orange,DL,Iowa State
70,Josiah Trotter,LB,Missouri
71,Max Iheanachor,OT,Arizona State
72,Deontae Lawson,LB,Alabama
73,Keionte Scott,CB,Miami (FL)
74,Carter Smith,OT,Indiana
75,Devin Moore,CB,Florida
76,Omar Cooper Jr.,WR,Indiana
77,Malik Muhammad,CB,Texas
78,Max Klare,TE,Ohio State
79,Jadarian Price,RB,Notre Dame
80,Brian Parker II,OT,Duke
81,Eli Stowers,TE,Vanderbilt
82,Michael Trigg,TE,Baylor
83,Emmett Johnson,RB,Nebraska
84,Davison Igbinosun,CB,Ohio State
85,Antonio Williams,WR,Clemson
86,Will Lee III,CB,Texas A&M
87,Harold Perkins,LB,LSU
88,Skyler Bell,WR,UConn
89,Malachi Fields,WR,Notre Dame
90,Carson Beck,QB,Miami (FL)
91,Dontay Corleone,DL,Cincinnati
92,Gabe Jacas,EDGE,Illinois
93,Jake Slaughter,IOL,Florida
94,Jacob Rodriguez,LB,Texas Tech
95,Derrick Moore,EDGE,Michigan
96,Justin Joly,TE,NC State
97,Parker Brailsford,IOL,Alabama
98,Chandler Rivers,CB,Duke
99,Darrell Jackson Jr.,DL,Florida State
100,Caden Curry,EDGE,Ohio State
101,Xavier Scott,S,Illinois
102,Jalon Kilgore,S,South Carolina
103,Austin Barber,OT,Florida
104,Kage Casey,OT,Boise State
105,Jude Bowry,OT,Boston College
106,Jack Endries,TE,Texas
107,Logan Jones,IOL,Iowa
108,Taurean York,LB,Texas A&M
109,Tacario Davis,CB,Washington
110,Joe Royer,TE,Cincinnati
111,Malachi Lawrence,EDGE,UCF
112,C.J. Daniels,WR,Miami (FL)
113,Brenen Thompson,WR,Mississippi State
114,Drew Allar,QB,Penn State
115,Kyle Louis,LB,Pittsburgh
116,Genesis Smith,S,Arizona
117,Drew Shelton,OT,Penn State
118,Nick Singleton,RB,Penn State
119,Anthony Lucas,EDGE,USC
120,Oscar Delp,TE,Georgia
121,Deion Burks,WR,Oklahoma
122,Keylan Rutledge,IOL,Georgia Tech
123,Louis Moore,S,Indiana
124,Kaytron Allen,RB,Penn State
125,Lander Barton,LB,Utah
126,Ahmad Moten Sr.,DL,Miami (FL)
127,Daylen Everette,CB,Georgia
128,Domani Jackson,CB,Alabama
129,Tyreak Sapp,EDGE,Florida
130,Matt Gulbin,IOL,Michigan State
131,Jaishawn Barham,LB,Michigan
132,Ted Hurst,WR,Georgia State
133,Hezekiah Masses,CB,California
134,DeMonte Capehart,DL,Clemson
135,Eli Raridon,TE,Notre Dame
136,Demond Claiborne,RB,Wake Forest
137,Treydan Stukes,CB,Arizona
138,Tim Keenan III,DL,Alabama
139,Keyron Crawford,EDGE,Auburn
140,Pat Coogan,IOL,Indiana
141,Gracen Halton,DL,Oklahoma
142,Ar'maj Reed-Adams,IOL,Texas A&M
143,J.C. Davis,OT,Illinois
144,Alex Harkey,OT,Oregon
145,Dallen Bentley,TE,Utah
146,Mikail Kamara,EDGE,Indiana
147,Aiden Fisher,LB,Indiana
148,Jaeden Roberts,IOL,Alabama
149,Taylen Green,QB,Arkansas
150,Bryce Lance,WR,North Dakota State
151,D.J. Campbell,IOL,Texas
152,Zane Durant,DL,Penn State
153,Jermaine Mathews Jr.,CB,Ohio State
154,Patrick Payton,EDGE,LSU
155,Michael Taaffe,S,Texas
156,Bishop Fitzgerald,S,USC
157,Max Llewellyn,EDGE,Iowa
158,Zxavian Harris,DL,Mississippi
159,Bud Clark,S,TCU
160,Sawyer Robertson,QB,Baylor
161,Cade Klubnik,QB,Clemson
162,Kevin Coleman Jr.,WR,Missouri
163,Mike Washington Jr.,RB,Arkansas
164,Dae'Quan Wright,TE,Mississippi
165,Tanner Koziol,TE,Houston
166,Nadame Tucker,EDGE,Western Michigan
167,P.J. Williams,OT,SMU
168,Fa'alili Fa'amoe,OT,Wake Forest
169,Will Kacmarek,TE,Ohio State
170,Sheridan Wilson,IOL,Texas Tech
171,Eric McAlister,WR,TCU
172,Cole Wisniewski,S,Texas Tech
173,Trey Zuhn III,OT,Texas A&M
174,Marlin Klein,TE,Michigan
175,Joshua Braun,IOL,Kentucky
176,Aamil Wagner,OT,Notre Dame
177,Quintayvious Hutchins,EDGE,Boston College
178,Eric Rivers,WR,Georgia Tech
179,John Michael Gyllenborg,TE,Wyoming
180,Adam Randall,RB,Clemson
181,Albert Regis,DL,Texas A&M
182,Diego Pavia,QB,Vanderbilt
183,Noah Whittington,RB,Oregon
184,Skyler Gill-Howard,DL,Texas Tech
185,Lewis Bond,WR,Boston College
186,De'Zhaun Stribling,WR,Mississippi
187,Eric Gentry,LB,USC
188,Dametrious Crownover,OT,Texas A&M
189,Vincent Anthony Jr.,EDGE,Duke
190,Devon Marshall,CB,NC State
191,Trey Moore,EDGE,Texas
192,Ethan Onianwa,OT,Ohio State
193,Keelan Marion,WR,Miami (FL)
194,Josh Cameron,WR,Baylor
195,Eric O'Neill,EDGE,Rutgers
196,Noah Thomas,WR,Georgia
197,Roman Hemby,RB,Indiana
198,Collin Wright,CB,Stanford
199,Aaron Anderson,WR,LSU
200,Bryce Boettcher,LB,Oregon
201,Cole Payton,QB,North Dakota State
202,Dane Key,WR,Nebraska
203,Thaddeus Dixon,CB,North Carolina
204,Lance Mason,TE,Wisconsin
205,Lawson Luckie,TE,Georgia
206,Trevor Lauck,OT,Iowa
207,Logan Taylor,IOL,Boston College
208,Cameron Ball,DL,Arkansas
209,Lake McRee,TE,USC
210,Jeffrey M'ba,DL,SMU
211,Jordan Hudson,WR,SMU
212,Caleb Douglas,WR,Texas Tech
213,Brett Thorson,P,Georgia
214,Jalen Farmer,IOL,Kentucky
215,DeShon Singleton,S,Nebraska
216,Reggie Virgil,WR,Texas Tech
217,TJ Hall,CB,Iowa
218,Drew Stevens,K,Iowa
219,Keyshaun Elliott,LB,Arizona State
220,Ryan Eckley,P,Michigan State
221,Delby Lemieux,IOL,Dartmouth
222,Xavian Sorey Jr.,LB,Arkansas
223,Scooby Williams,LB,Texas A&M
224,Vinny Anthony II,WR,Wisconsin
225,Luke Basso,LS,Oregon
226,Jalen McMurray,CB,Tennessee
227,Owen Heinecke,LB,Oklahoma
228,Bryson Eason,DL,Tennessee
229,Beau Gardner,LS,Georgia
230,Dan Villari,TE,Syracuse
231,Caullin Lacy,WR,Louisville
232,Jeremiah Wright,IOL,Auburn
233,Will Ferrin,K,BYU
234,Sam Hecht,IOL,Kansas State
235,Josh Moten,CB,Southern Miss
236,Jack Kelly,LB,BYU
237,Cole Brevard,DL,Texas
238,Josh Cuevas,TE,Alabama
239,Ephesians Prysock,CB,Washington
240,J’Mond Tapp,EDGE,Southern Miss
241,Wydett Williams Jr.,S,Mississippi
242,C.J. Donaldson,RB,Ohio State
243,Xavier Nwankpa,S,Iowa
244,VJ Payne,S,Kansas State
245,J'Mari Taylor,RB,Virginia
246,Jamarion Miller,RB,Alabama
247,Diego Pounds,OT,Mississippi
248,DJ Harvey,CB,USC
249,Jack Pyburn,EDGE,LSU
250,Robert Henry Jr.,RB,UTSA
251,Ben Bell,EDGE,Virginia Tech
252,Landon Robinson,DL,Navy
253,Ricardo Hallman,CB,Wisconsin
254,Nate Boerkircher,TE,Texas A&M
255,Gary Smith III,DL,UCLA
256,Riley Nowakowski,TE,Indiana
257,Kaleb Elarms-Orr,LB,TCU
258,Dave Iuli,IOL,Oregon
259,Febechi Nwaiwu,IOL,Oklahoma
260,Jalon Daniels,QB,Kansas
261,Wesley Bissainthe,LB,Miami (FL)
262,Jaylon Guilbeau,CB,Texas
263,Nyjalik Kelly,EDGE,UCF
264,Jimmy Rolder,LB,Michigan
265,Myles Rowser,S,Arizona State
266,Kendrick Law,WR,Kentucky
267,Marcus Allen,CB,North Carolina
268,Jalen Huskey,CB,Maryland
269,Colbie Young,WR,Georgia
270,Anez Cooper,IOL,Miami (FL)
271,James Neal,IOL,Iowa State
272,D.Q. Smith,S,South Carolina
273,Trey Smack,K,Florida
274,Kaden Wetjen,WR,Iowa
275,Kaleb Proctor,DL,Southeastern Louisiana
276,Dominic Zvada,K,Michigan
277,Jaden Dugger,LB,Louisiana-Lafayette
278,Austin Brown,S,Wisconsin
279,Chris Hilton,WR,LSU
280,Micah Morris,IOL,Georgia
281,Ceyair Wright,CB,Nebraska
282,Ahmari Harvey,CB,Georgia Tech
283,Giovanni El-Hadi,IOL,Michigan
284,Malik Benson,WR,Oregon
285,Aidan Hubbard,EDGE,Northwestern
286,Travis Burke,OT,Memphis
287,Karson Sharar,LB,Iowa
288,Dalton Johnson,S,Arizona
289,West Weeks,LB,LSU
290,Jackie Marshall,DL,Baylor
291,David Gusta,DL,Kentucky
292,Tommy Doman,P,Florida
293,Bauer Sharp,TE,LSU
294,Jarod Washington,CB,South Carolina State
295,Tyler Duzansky,LS,Penn State
296,Garrison Grimes,LS,BYU
297,Seydou Traore,TE,Mississippi State
298,Jackson Kuwatch,EDGE,Miami (OH)
299,David Blay,DL,Miami (FL)
300,Jack Stonehouse,P,Syracuse
301,Max Bredeson,RB,Michigan
302,Jeff Caldwell,WR,Cincinnati
303,Declan Williams,LB,Incarnate Word
304,Kentrel Bullock,RB,South Alabama
305,Haynes King,QB,Georgia Tech
306,Chip Trayanum,RB,Toledo
307,James Thompson Jr.,DL,Illinois
308,Dillon Wade,IOL,Auburn
309,Mason Reiger,EDGE,Wisconsin
310,Keyshawn James-Newby,EDGE,New Mexico
311,Mark Gronowski,QB,Iowa
312,Evan Beerntsen,IOL,Northwestern
313,Joe Fagnano,QB,UConn
314,Tristan Leigh,OT,Clemson
315,Hank Beatty,WR,Illinois
316,Rayshaun Benny,DL,Michigan
317,Andre Fuller,CB,Toledo
318,Seth McGowan,RB,Kentucky
319,Eli Heidenreich,WR,Navy
320,Behren Morton,QB,Texas Tech
321,Keagen Trost,IOL,Missouri
322,Harrison Wallace III,WR,Mississippi
323,Shyheim Brown,S,Florida State
324,Izavion Miller,OT,Auburn
325,Beau Stephens,IOL,Iowa
326,Sam Roush,TE,Stanford
327,Billy Schrauth,IOL,Notre Dame
328,Chris McClellan,DL,Missouri
329,Nick Barrett,DL,South Carolina
330,Dorion Strawn,OT,Texas State
331,Aaron Graves,DL,Iowa
332,Red Murdock,LB,Buffalo
333,Jahiem Lawson,EDGE,Clemson
334,Bryce Foster,IOL,Kansas
335,Ethan Burke,EDGE,Texas
336,Brent Austin,CB,California
337,Le'Veon Moss,RB,Texas A&M
338,Tyler Onyedim,DL,Texas A&M
339,Josh Thompson,IOL,LSU
340,Jaden Greathouse,WR,Notre Dame
341,Justin Jefferson,LB,Alabama
342,Kendal Daniels,S,Oklahoma
343,Avery Smith,CB,Toledo
344,Fernando Carmona,IOL,Arkansas
345,Wesley Williams,DL,Duke
346,Derek Simmons,OT,Oklahoma
347,Isaiah Glasker,LB,BYU
348,Joey Aguilar,QB,Tennessee
349,Miles Kitselman,TE,Tennessee
350,Deven Eastern,DL,Minnesota
351,Isaiah Nwokobia,S,SMU
352,Dalton Brooks,S,Texas A&M
353,Ernest Hausmann,LB,Michigan
354,Kobe Baynes,IOL,Kansas
355,Charles Demmings,CB,Stephen F. Austin
356,Brett Norfleet,TE,Missouri
357,Earnest Greene,OT,Georgia
358,Braelin Moore,IOL,LSU
359,Luke Altmyer,QB,Illinois
360,J.Michael Sturdivant,WR,Florida
361,Jaren Kanak,TE,Oklahoma
362,Wendell Moe Jr.,IOL,Tennessee
363,Dean Connors,RB,Houston
364,Tyre West,EDGE,Tennessee
365,Noah Josey,IOL,Virginia
366,Cian Slone,EDGE,NC State
367,Dillon Bell,WR,Georgia
368,Miles Scott,S,Illinois
369,D.J. Hicks,DL,Texas A&M
370,Barion Brown,WR,LSU
371,Rene Konga,DL,Louisville
372,Micah Pettus,OT,Florida State
373,Michael Kilbane,EDGE,Northwestern
374,Matthew Hibner,TE,SMU
375,Tanner Arkin,TE,Illinois
376,DJ Rogers,TE,TCU
377,Dominic Bailey,EDGE,Tennessee
378,Davaughn Patterson,S,Wake Forest
379,Jameson Geers,TE,Minnesota
380,TJ Guy,EDGE,Michigan
381,Jordan Dwyer,WR,TCU
382,Griffin Wilde,WR,Northwestern
383,Caden Barnett,OT,Wyoming
384,Rahsul Faison,RB,South Carolina
385,Riley Mahlman,OT,Wisconsin
386,Dayon Hayes,EDGE,Texas A&M
387,Logan Fano,EDGE,Utah
388,Desmond Reid,RB,Pittsburgh
389,Jalil Farooq,WR,Maryland
390,Jalen Catalon,S,Missouri
391,Devean Deal,EDGE,TCU
392,R.J. Maryland,TE,SMU
393,Rocco Spindler,IOL,Nebraska
394,Kam Robinson,LB,Virginia
395,Ben Taylor-Whitfield,OT,TCU
396,Marvin Jones Jr.,EDGE,Oklahoma
397,Connor Tollison,IOL,Missouri
398,Miller Moss,QB,Louisville
399,Ahmaad Moses,S,SMU
400,Elijah Pritchett,OT,Nebraska
401,Isaiah Jatta,OT,BYU
402,Toriano Pride,CB,Missouri
403,Toby Payne,TE,Marshall
404,Dariel Djabome,LB,Rutgers
405,Jayden Virgin-Morgan,EDGE,Boise State
406,Robert Spears-Jennings,S,Oklahoma
407,Carver Willis,OT,Washington
408,Chris Adams,IOL,Memphis
409,Jager Burton,IOL,Kentucky
410,David Oke,DL,Arkansas
411,Charles Jagusah,IOL,Notre Dame
412,Jordan van den Berg,DL,Georgia Tech
413,Hero Kanu,DL,Texas
414,Amare Thomas,WR,Houston
415,Clay Patterson,DL,Stanford
416,Jadon Canady,CB,Oregon
417,Devonta Smith,CB,Notre Dame
418,Sabastian Harsh,DL,NC State
419,Garrett DiGiorgio,OT,UCLA
420,Romello Brinson,WR,SMU
421,Jacob Thomas,S,James Madison
422,Khalil Dinkins,TE,Penn State
423,Kaelon Black,RB,Indiana
424,Reuben Unije,OT,UCLA
425,Keanu Tanuvasa,DL,BYU
426,Peyton Bowen,S,Oklahoma
427,Jakobe Thomas,S,Miami (FL)
428,Jalen Walthall,WR,Incarnate Word
429,Isaac Smith,S,Mississippi State
430,Jaydn Ott,RB,Oklahoma
431,Jalen Stroman,S,Notre Dame
432,Cade McConnell,IOL,Vanderbilt
433,Gunner Stockton,QB,Georgia
434,Chase Roberts,WR,BYU
435,Terion Stewart,RB,Virginia Tech
436,Emmanuel Henderson,WR,Kansas
437,Bryan Thomas Jr.,EDGE,South Carolina
438,George Gumbs Jr.,EDGE,Florida
439,Zavion Thomas,WR,LSU
440,Athan Kaliakmanis,QB,Rutgers
441,Jeadyn Lukus,CB,Clemson
442,Thomas Castellanos,QB,Florida State
443,Tyreek Chappell,CB,Texas A&M
444,Trebor Pena,WR,Penn State
445,Jake Retzlaff,QB,Tulane
446,Conner Weigman,QB,Houston
447,Jerry Wilson,CB,Florida State
448,Nolan Rucci,OT,Penn State
449,Jamal Haynes,RB,Georgia Tech
450,Kyron Drones,QB,Virginia Tech
451,Tomas Rimac,IOL,Virginia Tech
452,Keeshawn Silver,DL,USC
453,Kevin Jennings,QB,SMU
454,Devon Dampier,QB,Utah
455,Davion Carter,IOL,Texas Tech
456,Jack Velling,TE,Michigan State
457,Brandon Cleveland,DL,NC State
458,Antonio Kite,CB,Mississippi
459,Roderick Kearney,OT,Florida
460,Luke Petitbon,IOL,Florida State
461,Dasan McCullough,EDGE,Nebraska
462,Jordan Hall,DL,Georgia
463,Cormani McClain,CB,Florida
464,Hykeem Williams,WR,Colorado
465,Vic Burley,DL,Clemson
466,Raylen Wilson,LB,Georgia
467,Rueben Owens,RB,Texas A&M
468,Samson Okunlola,OT,Miami (FL)
469,Chimdy Onoh,OT,Penn State
470,Edric Hill,DL,Alabama
471,Jameial Lyons,EDGE,Penn State
472,Robert Stafford,CB,UCLA
473,Jaquaize Pettaway,WR,East Carolina
474,Jahlil Hurley,CB,Kansas
475,Elijah Paige,OT,USC
476,Kylin Jackson,S,TCU
477,Jaxon Howard,EDGE,Minnesota
478,Kedrick Reescano,RB,Arizona
479,Jamel Johnson,S,TCU
480,Ja'Keem Jackson,CB,LSU
481,Cole Martin,CB,UCLA
482,Gabe Harris,EDGE,Georgia
483,Jacobe Johnson,CB,Oklahoma
484,Hunter Clegg,EDGE,BYU
485,Harris Sewell,IOL,Clemson
486,Shelton Sampson Jr.,WR,Louisiana-Lafayette
487,Raymond Cottrell,WR,West Alabama
488,Shamar Easter,TE,North Carolina
489,Tyler White,P,Texas A&M
490,Rodrick Pleasant,CB,UCLA
491,Lewis Carter,LB,UCF
492,Jordan Bass,LB,Virginia Tech
493,Bravion Rogers,CB,Texas A&M
494,Markee Anderson,IOL,South Carolina
495,Nathan Leacock,WR,North Carolina
496,Calvin Simpson-Hunt,CB,Baylor
497,Andrew Rappleyea,TE,Penn State
498,Jamaal Jarrett,DL,USC
499,Jayvon Thomas,CB,Texas A&M
500,Luke Hasz,TE,Mississippi
501,Anthony Evans III,WR,Mississippi State
502,Jaybron Harvey,EDGE,North Carolina
503,Dijon Johnson,CB,Florida
504,Michael Harris,LB,Maryland
505,Xzavier McLeod,DL,Georgia
506,Shamurad Umarov,OT,Tennessee
507,Bai Jobe,EDGE,Miami (OH)
508,Brenan Vernon,DL,Notre Dame
509,Tony Rojas,LB,Penn State
510,Jayden Wayne,EDGE,California
511,Malik Bryant,EDGE,Miami (FL)
512,Joshua Padilla,IOL,Ohio State
513,Jalen Brown,WR,Arkansas
514,Samuel M'Pemba,EDGE,Texas A&M
515,Braylan Shelby,EDGE,USC
516,Damari Brown,CB,Miami (FL)
517,Djay Braswell,RB,Georgia State
518,Cooper Flanagan,TE,Notre Dame
519,Colton Vasek,EDGE,Texas
520,Madden Sanker,OT,Louisville
521,Troy Bowles,LB,Michigan
522,Quinten Joyner,RB,Texas Tech
523,Ian Reed,IOL,Clemson
524,Ta'Mere Robinson,LB,USC
525,Brandon Inniss,WR,Ohio State
526,Kamran James,EDGE,Florida
527,Javien Toviano,S,LSU
528,Ryan Niblett,WR,Texas
529,Cordale Russell,WR,Miami (OH)
530,Ayden Williams,WR,Mississippi State
531,Ethan Davis,TE,Tennessee
532,Braylon James,WR,TCU
533,Jason Moore,DL,Ohio State
534,Derion Gullette,EDGE,Mississippi State
535,Tausili Akana,LB,BYU
536,Markis Deal,DL,TCU
537,Luke Montgomery,IOL,Ohio State
538,Samuel Singleton Jr.,RB,Florida State
539,Jaylon Braxton,CB,Mississippi
540,Daevin Hobbs,DL,Tennessee
541,Makari Vickers,CB,Colorado
542,Jaiden Ausberry,LB,Notre Dame
543,Jaydon Chatman,OT,Texas
544,Anthony Donkoh,OT,Penn State
545,Palmer Williams,P,Baylor
546,Alexander Doost,IOL,Arizona
547,Marcus Ratcliffe,S,Texas A&M
548,Peyton Woodring,K,Georgia
549,Evan Tengesdahl,IOL,Cincinnati
550,Stanquan Clark,LB,Louisville
551,London Humphreys,WR,Georgia
552,Joey Schlaffer,TE,Penn State
553,Brock Taylor,K,Vanderbilt
554,Carl Williams IV,S,Baylor
555,Cruce Brookins,S,Pittsburgh
556,Caden Jenkins,CB,Baylor
557,Martel Hight,CB,Vanderbilt
558,Aidan Flintoft,P,Stanford
559,James Durand,IOL,Western Illinois
560,Tyler Brown,WR,Clemson
561,Judge Collier,CB,South Carolina
562,Grayson Loftis,QB,Charlotte
563,Hank Brown,QB,Iowa
564,Sedrick Alexander,RB,Vanderbilt
565,Evan Link,OT,Michigan
566,Declan Duley,P,Central Michigan
567,BJ Williams,IOL,Pittsburgh
568,Nicolas Radicic,K,Indiana
569,Conor Talty,K,Alabama
570,A'Marion McCoy,CB,Boise State
571,Brandon Henderson,IOL,Illinois
572,Jake Eldridge,LS,Rutgers
573,Phillip Daniels,OT,Ohio State
574,Hudson Kaak,P,Auburn
575,Kerry Brown,S,Minnesota
576,Alex Kilgore,LB,SMU
577,Carter Davis,S,Boston College
578,Mikey Matthews,WR,UCLA
579,Jarra Anderson,DL,Arizona
580,Calvin Clements,OT,Kansas
581,Kaden Feagin,RB,Illinois
582,Ryder Burns,LS,Southern Miss
583,Trey Dubuc,LS,New Mexico
584,Elijah Prather,IOL,Troy
585,Davin Stoffel,TE,Illinois
586,Kansei Matsuzawa,K,Hawaii
587,Travis Shaw,DL,Texas
588,Zach Rice,IOL,Syracuse
589,Denver Harris,CB,UNLV
590,Jeremiah Alexander,EDGE,Clemson
591,Jaylen Sneed,LB,Notre Dame
592,Gabriel Brownlow-Dindy,DL,South Carolina
593,Antonio Gates Jr.,WR,Delaware State
594,C.J. Williams,WR,Stanford
595,TreVonte Citizen,RB,McNeese State
596,Justice Finkley,EDGE,Kansas
597,Popeye Williams,EDGE,Western Michigan
598,Andre Greene Jr.,WR,Virginia
599,Kobe Prentice,WR,Baylor
600,Jacoby Mathews,S,Auburn
601,Jaleel Skinner,TE,Louisville
602,Branson Robinson,RB,Georgia State
603,Keaten Wade,EDGE,Colorado
604,Malick Sylla,EDGE,Mississippi State
605,Benji Gosnell,TE,Virginia Tech
606,Jaylon Glover,RB,UNLV
607,Maalik Murphy,QB,Oregon State
608,Quency Wiggins,EDGE,Colorado
609,Khurtiss Perry,DL,Jacksonville State
610,Keenan Nelson Jr.,S,Ohio State
611,Kyion Grayes,WR,California
612,Jack Pedersen,TE,UCLA
613,Braylin Presley,WR,Tulsa
614,Talyn Shettron,WR,Oklahoma State
615,Kam Dewberry,IOL,Alabama
616,Devon Jackson,LB,Oregon
617,Julian Armella,IOL,UCLA
618,Darris Smith,EDGE,Missouri
619,Jyaire Brown,CB,UCF
620,Omari Abor,EDGE,SMU
621,Holden Staes,TE,Indiana
622,J.Q. Hardaway,CB,Kentucky
623,Jamari Lyons,DL,Florida
624,Carson Hinzman,IOL,Ohio State
625,Dayne Shor,OT,Akron
626,Collin Sadler,OT,Clemson
627,Tobias Merriweather,WR,Utah
628,Cam Miller,CB,Rutgers
629,Kaleb Brown,WR,UAB
630,Shawn Murphy,LB,South Carolina
631,Amari Niblack,TE,Texas A&M
632,Jacolby Spells,CB,West Virginia
633,Cole Hutson,IOL,Texas
634,Zion Branch,S,Georgia
635,Patrick Kutas,IOL,Mississippi
636,Julian Humphrey,CB,Texas A&M
637,Van Wells,IOL,Oregon State
638,Isaiah Brown-Murray,CB,Virginia Tech
639,Savion Red,RB,Sacramento State
640,Andrew Paul,RB,Jacksonville State
641,Nate Johnson,QB,Utah
642,Jayden McGowan,WR,Charlotte
643,Owen McCown,QB,UTSA
644,Noah Fifita,QB,Arizona
645,John Bock II,IOL,Tulane
646,Beau Atkinson,EDGE,Ohio State
647,Kyron Barnes,OT,Nicholls
648,Bryce McFerson,P,Maryland
649,Max Fletcher,P,Cincinnati
650,Tyler Perkins,P,Iowa State
651,Trevyon Green,OT,North Carolina
652,Squirrel White,WR,Florida State
653,Teague Andersen,IOL,NC State
654,Matthew Bailey,S,Illinois
655,Alex McPherson,K,Auburn
656,Jaron Glover,WR,Mississippi State
657,Ryan Baer,IOL,Pittsburgh
658,Justus Ross-Simmons,WR,Syracuse
659,Alex Bacchetta,P,Rice
660,Robert Gunn,K,Clemson
661,Deshaun Lee,CB,Iowa
662,Darren Agu,EDGE,New Mexico
663,Malik Spencer,S,Michigan State
664,Braxton Fely,DL,Boise State
665,Sean FitzSimmons,DL,Pittsburgh
666,Wade Woodaz,LB,Clemson
667,Gavin Gibson,CB,North Carolina
668,Kam Olds,EDGE,Kentucky
669,Aidan Gousby,S,Minnesota
670,Pichon Wimbley,IOL,Georgia Southern
671,Damonic Williams,DL,Oklahoma
672,Richard Reese,RB,Stephen F. Austin
673,Carsen Ryan,TE,BYU
674,Eddie Kelly,DL,West Virginia
675,Amari Jackson,CB,Boston College
676,Josh Kattus,TE,Kentucky
677,Jeremiah Earby,CB,Boise State
678,Nate Merchant,LS,Coastal Carolina
679,Jordan Pollard,LB,San Jose State
680,Jackson Lee,LS,Florida Atlantic
681,Bryan McCoy,LB,Oklahoma State
682,Fisher Camac,EDGE,Virginia
683,Will Bettridge,K,Virginia
684,Lance St. Louis,LS,Texas
685,Eli Stein,LS,Cincinnati
686,John Love,K,Virginia Tech
687,Jay'Vion Cole,CB,Arizona
688,Rino Monteforte,LS,California
689,Liam Becher,IOL,North Dakota
690,Quinten Christensen,IOL,South Dakota State
691,Desmeal Leigh,OT,Youngstown State
692,Maurice Westmoreland,EDGE,Tulane
693,Justin Kirkland,DL,BYU
694,Omar Aigbedion,IOL,Baylor
695,Sage Ryan,S,Mississippi
696,Sam Huard,QB,USC
697,Korey Foreman,EDGE,Fresno State
698,Damon Payne,DL,Michigan
699,Jonathan Jefferson,DL,SMU
700,Bryce Carter,DL,Texas State
701,Raesjon Davis,LB,Oregon State
702,David Daniel-Sisavanh,S,Troy
703,Jabari Ishmael,EDGE,Southern Miss
704,Ezra Dotson-Oyetade,IOL,Texas State
705,Zen Michalski,OT,Indiana
706,Latrell McCutchin,CB,Houston
707,Kaidon Salter,QB,Colorado
708,Bram Walden,IOL,Arizona State
709,Kelvin Gilliam,DL,Virginia Tech
710,Reid Carrico,LB,West Virginia
711,Damarius McGhee,CB,Florida Atlantic
712,Ethan Calvert,LB,Cal Poly
713,Armoni Goodwin,RB,UT Martin
714,Keanu Koht,EDGE,Vanderbilt
715,Prince Kollie,LB,Vanderbilt
716,Jayden Ballard,WR,Wisconsin
717,J.P. Benzschawel,IOL,Wisconsin
718,Christian Leary,WR,Western Michigan
719,Marcus Burris,DL,Memphis
720,Keli Lawson,LB,UCF
721,Shadrach Banks,LB,UTSA
722,Prophet Brown,CB,USC
723,Savion Byrd,IOL,SMU
724,L.J. Johnson Jr.,RB,California
725,Terrence Ferguson II,IOL,Syracuse
726,Gabriel Rubio,DL,Notre Dame
727,Dylan Brooks,EDGE,Kansas
728,Carlos Del Rio-Wilson,QB,Marshall
729,Jaylin Davies,CB,Oklahoma State
730,James Brockermeyer,IOL,Miami (FL)
731,JoJo Earle,WR,UNLV
732,Jeremiah Williams,EDGE,Texas A&M
733,Preston Stone,QB,Northwestern
734,Reuben Fatheree II,OT,Texas A&M
735,Dacari Collins,WR,Louisville
736,Trevion Cooley,RB,Troy
737,Raheem Anderson,IOL,Western Michigan
738,Avante Dickerson,CB,Arkansas State
739,Elliot Donald,DL,Pittsburgh
740,Cody Jackson,WR,Tarleton State
741,Kyron Ware-Hudson,WR,Penn State
742,Malik McClain,WR,Arizona State
743,Derrick Davis Jr.,RB,Pittsburgh
744,Zaire Patterson,EDGE,Clemson
745,Kadarius Calloway,RB,New Mexico State
746,Lorenzo Styles Jr.,CB,Ohio State
747,Clayton Smith,EDGE,Arizona State
748,Cade Denhoff,EDGE,Clemson
749,Tywone Malone,DL,Ohio State
750,Nyland Green,CB,Arizona State
751,Deion Colzie,WR,Miami (OH)
752,Byron Cardwell,RB,San Diego State
753,Teddy Prochazka,OT,Nebraska
754,Ty Thompson,TE,Tulane
755,Ryan Mosesso,OT,UMass
756,DeAndre Boykins,CB,Oklahoma State
757,Kolbey Taylor,CB,Vanderbilt
758,Chamon Metayer,TE,Arizona State
759,Daylan Carnell,S,Missouri
760,Sean Brown,LB,NC State
761,Jerand Bradley,WR,Kansas State
762,Tiaoalii Savea,DL,Arizona
763,Jordan Favors,S,Appalachian State
764,Andrel Anthony,WR,Duke
765,Barika Kpeenu,RB,North Dakota State
766,Roy Williams,EDGE,Northern Illinois
767,Jayden Thomas,WR,Virginia
768,Rara Thomas,WR,Troy
769,Khordae Sydnor,EDGE,Vanderbilt
770,Mason Murphy,OT,Auburn
771,Cyrus Allen,WR,Cincinnati
772,Jared Brown,WR,South Carolina
773,Jaden Keller,LB,Virginia Tech
774,Alton McCaskill IV,RB,Sam Houston State
775,Logan Diggs,RB,Mississippi
776,Jason Henderson,LB,Old Dominion
777,Jaden Bray,WR,West Virginia
778,Dominick Giudice,IOL,Missouri
779,Darian Chestnut,CB,Syracuse
780,Joseph Manjack IV,WR,TCU
781,Dylan Rosiek,LB,Illinois
782,Cade Zimmerly,IOL,Bowling Green
783,Ashton Grable,IOL,Florida A&M
784,Preston Hodge,CB,Colorado
785,Max Tomzcak,WR,Youngstown State
786,Bert Auburn,K,Miami (FL)
787,Ross James,P,Oregon
788,Ryder Langsdale,OT,Rutgers
789,Kamryn Waites,IOL,Florida
790,Bruno Onwuazor,OT,Virginia State
791,Tony Grimes,CB,Purdue
792,Justin Flowe,LB,UNLV
793,Drew Pyne,QB,Bowling Green
794,Andrew Gentry,OT,BYU
795,Tosh Baker,OT,Notre Dame
796,Walker Parks,IOL,Clemson
797,Chad Lindberg,IOL,North Carolina
798,Bangally Kamara,LB,Kansas
799,Zykeivous Walker,DL,Auburn
800,Malcolm Greene,S,UMass
801,Tyler Van Dyke,QB,SMU
802,Key Lawrence,CB,UCLA
803,Aki Ogunbiyi,IOL,Colorado
804,Fred Davis II,CB,Northwestern
805,Jeff Sims,QB,Arizona State
806,Reggie Grimes,EDGE,Memphis
807,E.J. Smith,RB,Texas A&M
808,Demon Clowney,EDGE,South Carolina
809,Roydell Williams,RB,Florida State
810,Xavion Alford,S,Arizona State
811,E.J. Williams,WR,Indiana
812,Turner Corcoran,IOL,Nebraska
813,Stephen Dix Jr.,LB,Arkansas
814,Leon Lowery Jr.,LB,Illinois
815,Jahmeer Carter,DL,Virginia
816,Gilber Edmond,EDGE,South Carolina
817,Monroe Mills,OT,Virginia
818,Jimari Butler,EDGE,LSU
819,Payton Zdroik,DL,Air Force
820,Karon Prunty,CB,Wake Forest
821,Nick Dawkins,IOL,Penn State
822,Dominic Richardson,RB,Tulsa
823,Xavier Hill,IOL,Colorado
824,Will Shaffer,LB,Abilene Christian
825,Nate Rutchena,TE,UC Davis
826,Jordan White,IOL,Vanderbilt
827,Ja'Mori Maclin,WR,Kentucky
828,Jalen Berger,RB,UCLA
829,Courtland Ford,OT,UCLA
830,Stefon Thompson,LB,Florida State
831,Cam Porter,RB,Northwestern
832,Devin Neal,S,Virginia
833,D.J. Graham,CB,Kansas
834,Hunter Zambrano,IOL,Texas Tech
835,Alex Wollschlaeger,OT,Kentucky
836,Tyree Skipper,S,Louisiana-Lafayette
837,Tavian Coleman,DL,Colorado
838,Matthew Sluka,QB,James Madison
839,Tay Yanta II,IOL,North Texas
840,Ja'Varrius Johnson,WR,UCF
841,Cade McNamara,QB,East Tennessee State
842,Donavon Greene,WR,Virginia Tech
843,Ben Coleman,IOL,Arizona State
844,Dequan Finn,QB,Miami (OH)
845,Antonio Clary,S,Virginia
846,Mohamed Toure,LB,Miami (FL)
847,Matthew Bedford,OT,Oregon
848,Zach Calzada,QB,Kentucky
849,Isheem Young,S,Memphis
850,Levani Damuni,LB,Utah
